,_01_expulsions,_01_principal,_01_removals,_01_superintendent,_02_expulsions,_02_principal,_02_removals,_02_superintendent,_03_expulsions,_03_principal,_03_removals,_03_superintendent,_04_expulsions,_04_principal,_04_removals,_04_superintendent,_05_expulsions,_05_principal,_05_removals,_05_superintendent,_06_expulsions,_06_principal,_06_removals,_06_superintendent,_07_expulsions,_07_principal,_07_removals,_07_superintendent,_08_expulsions,_08_principal,_08_removals,_08_superintendent,_09_expulsions,_09_principal,_09_removals,_09_superintendent,_0k_expulsions,_0k_principal,_0k_removals,_0k_superintendent,_10_expulsions,_10_principal,_10_removals,_10_superintendent,_11_expulsions,_11_principal,_11_removals,_11_superintendent,_12_expulsions,_12_principal,_12_removals,_12_superintendent,administrative_district,dbn,location_category,location_name
0,*,*,*,*,*,*,*,*,*,*,*,*,*,*,*,*,*,*,*,*,*,*,*,*,*,*,*,*,*,*,*,*,*,*,*,*,*,*,*,*,*,*,*,*,*,*,*,*,*,*,*,*,1,01M015,Elementary,P.S. 015 Roberto Clemente
1,*,*,*,*,*,*,*,*,*,*,*,*,*,*,*,*,*,*,*,*,*,*,*,*,*,*,*,*,*,*,*,*,*,*,*,*,*,*,*,*,*,*,*,*,*,*,*,*,*,*,*,*,1,01M019,Elementary,P.S. 019 Asher Levy
2,*,*,*,*,*,*,*,*,*,*,*,*,*,*,6,*,*,*,*,*,*,*,*,*,*,*,*,*,*,*,*,*,*,*,*,*,*,*,*,*,*,*,*,*,*,*,*,*,*,*,*,*,1,01M020,Elementary,P.S. 020 Anna Silver
3,*,*,*,*,*,*,*,*,*,*,*,*,*,*,*,*,*,*,*,*,*,*,7,*,*,6,8,*,*,*,7,7,*,*,*,*,*,*,*,*,*,*,*,*,*,*,*,*,*,*,*,*,1,01M034,K-8,P.S. 034 Franklin D. Roosevelt
4,*,*,14,*,*,*,9,*,*,*,7,*,*,*,*,*,*,*,*,*,*,*,*,*,*,*,*,*,*,*,*,*,*,*,*,*,*,*,12,*,*,*,*,*,*,*,*,*,*,*,*,*,1,01M063,Elementary,The STAR Academy - P.S.63
5,*,*,*,*,*,*,*,*,*,*,*,*,*,*,*,*,*,*,*,*,*,*,*,*,*,*,*,*,*,*,*,*,*,*,*,*,*,*,*,*,*,*,*,*,*,*,*,*,*,*,*,*,1,01M064,Elementary,P.S. 064 Robert Simon
6,*,*,*,*,*,*,*,*,*,*,*,*,*,*,*,*,*,*,*,*,*,*,*,*,*,*,*,*,*,*,*,*,*,*,*,*,*,*,*,*,*,*,*,*,*,*,*,*,*,*,*,*,1,01M110,Elementary,P.S. 110 Florence Nightingale
7,*,*,*,*,*,*,*,*,*,*,*,*,*,*,*,*,*,*,*,*,*,*,*,*,*,*,*,*,*,*,*,*,*,*,*,*,*,*,*,*,*,*,*,*,*,*,*,*,*,*,*,*,1,01M134,Elementary,P.S. 134 Henrietta Szold
8,*,*,*,*,*,*,*,*,*,*,*,*,*,*,*,*,*,*,*,*,*,*,*,*,*,*,*,*,*,*,*,*,*,*,*,*,*,*,*,*,*,*,*,*,*,*,*,*,*,*,*,*,1,01M137,Elementary,P.S. 137 John L. Bernstein
9,*,*,*,*,*,*,*,*,*,*,*,*,*,*,*,*,*,*,*,*,*,6,*,*,*,*,*,*,*,*,6,*,*,*,*,*,*,*,*,*,*,*,*,*,*,*,*,*,*,*,*,*,1,01M140,K-8,P.S. 140 Nathan Straus
10,*,*,*,*,*,*,*,*,*,*,*,*,*,*,*,*,*,*,*,*,*,*,*,*,*,*,*,*,*,*,*,*,*,*,*,*,*,*,*,*,*,*,*,*,*,*,*,*,*,*,*,*,1,01M142,Elementary,P.S. 142 Amalia Castro
11,*,*,*,*,*,*,*,*,*,*,*,*,*,*,*,*,*,*,*,*,*,*,*,*,*,*,*,*,*,*,*,*,*,*,*,*,*,*,*,*,*,*,*,*,*,*,*,*,*,*,*,*,1,01M184,K-8,P.S. 184m Shuang Wen
12,*,*,*,*,*,*,*,*,*,*,*,*,*,*,*,*,*,6,*,*,*,*,*,*,*,8,*,8,*,*,*,*,*,*,*,*,*,*,*,*,*,*,*,*,*,*,*,*,*,*,*,*,1,01M188,K-8,P.S. 188 The Island School
13,*,*,*,*,*,*,*,*,*,*,*,*,*,*,*,*,*,*,*,*,*,*,*,*,*,*,*,*,*,*,*,*,*,*,*,*,*,*,*,*,*,6,*,*,*,*,*,*,*,*,*,*,1,01M292,Secondary School,Henry Street School for International Studies
14,*,*,*,*,*,*,*,*,*,*,*,*,*,*,*,*,*,*,*,*,*,*,*,*,*,*,*,*,*,*,*,*,*,*,*,*,*,*,*,*,*,*,*,*,*,*,*,*,*,*,*,*,1,01M301,Junior High-Intermediate-Middle,"Technology, Arts, and Sciences Studio"
15,*,*,*,*,*,*,*,*,*,*,*,*,*,*,*,*,*,*,*,*,*,*,*,*,*,*,*,*,*,*,*,*,*,*,*,*,*,*,*,*,*,*,*,*,*,*,*,*,*,*,*,*,1,01M315,Elementary,The East Village Community School
16,*,*,*,*,*,*,*,*,*,*,*,*,*,*,*,*,*,*,*,*,*,*,6,*,*,*,*,*,*,*,*,6,*,*,*,*,*,*,*,*,*,*,*,*,*,*,*,*,*,*,*,*,1,01M332,Junior High-Intermediate-Middle,University Neighborhood Middle School
17,*,*,*,*,*,*,*,*,*,*,*,*,*,*,*,*,*,*,*,*,*,*,*,*,*,9,19,*,*,*,8,*,*,*,*,*,*,*,*,*,*,*,*,*,*,*,*,*,*,*,*,*,1,01M345,Junior High-Intermediate-Middle,"Collaborative Academy of Science, Technology, & La"
18,*,*,*,*,*,*,*,*,*,*,*,*,*,*,*,*,*,*,*,*,*,*,*,*,*,*,*,*,*,*,*,*,*,*,*,*,*,*,*,*,*,*,*,*,*,*,*,*,*,*,*,*,1,01M361,Elementary,The Children's Workshop School
19,*,*,*,*,*,*,*,*,*,*,*,*,*,*,*,*,*,*,*,*,*,*,*,*,*,*,*,*,*,*,*,*,*,*,*,*,*,*,*,*,*,*,*,*,*,*,*,*,*,*,*,*,1,01M363,Elementary,Neighborhood School
20,*,*,*,*,*,*,*,*,*,*,*,*,*,*,*,*,*,*,*,*,*,*,*,*,*,*,*,*,*,*,*,*,*,*,*,*,*,*,*,*,*,*,*,*,*,*,*,*,*,*,*,*,1,01M364,Elementary,Earth School
21,*,*,*,*,*,*,*,*,*,*,*,*,*,*,*,*,*,*,*,*,*,8,*,*,*,*,*,*,*,*,*,6,*,*,*,*,*,*,*,*,*,*,*,*,*,*,*,*,*,*,*,*,1,01M378,Junior High-Intermediate-Middle,School for Global Leaders
22,*,*,*,*,*,*,*,*,*,*,*,*,*,*,*,*,*,*,*,*,*,*,*,*,*,*,*,*,*,*,*,*,*,*,*,*,*,*,*,*,*,*,*,*,*,*,*,*,*,*,*,*,1,01M444,Central-HQ-Citywide,Home Schooling
23,*,*,*,*,*,*,*,*,*,*,*,*,*,*,*,*,*,*,*,*,*,*,*,*,*,*,*,*,*,*,*,*,*,*,*,6,*,*,*,*,*,8,*,*,*,*,*,*,*,*,*,*,1,01M448,High school,University Neighborhood High School
24,*,*,*,*,*,*,*,*,*,*,*,*,*,*,*,*,*,*,*,*,*,*,*,*,*,*,*,*,*,*,*,*,*,*,*,*,*,*,*,*,*,*,*,*,*,*,*,*,*,*,*,*,1,01M450,Secondary School,East Side Community School
25,*,*,*,*,*,*,*,*,*,*,*,*,*,*,*,*,*,*,*,*,*,*,*,*,*,*,*,*,*,*,*,*,*,*,*,*,*,*,*,*,*,*,*,*,*,6,*,*,*,9,*,*,1,01M458,High school,Forsyth Satellite Academy
26,*,*,*,*,*,*,*,*,*,*,*,*,*,*,*,*,*,*,*,*,*,*,*,*,*,*,*,*,*,*,*,*,*,13,*,6,*,*,*,*,*,*,*,6,*,*,*,*,*,9,*,*,1,01M509,High school,Marta Valle High School
27,*,*,*,*,*,*,*,*,*,*,*,*,*,*,*,*,*,*,*,*,*,*,*,*,*,*,*,*,*,*,*,*,*,*,*,*,*,*,*,*,*,*,*,*,*,*,*,*,*,*,*,*,1,01M515,High school,Lower East Side Preparatory High School
28,*,*,*,*,*,*,*,*,*,*,*,*,*,*,*,*,*,*,*,*,*,*,*,*,*,*,*,*,*,*,*,*,*,*,*,*,*,*,*,*,*,*,*,*,*,*,*,*,*,*,*,*,1,01M539,K-12 all grades,"New Explorations into Science, Technology and Math"
29,*,*,*,*,*,*,*,*,*,*,*,*,*,*,*,*,*,*,*,*,*,*,*,*,*,*,*,*,*,*,*,*,*,*,*,*,*,*,*,*,*,*,*,*,*,*,*,*,*,*,*,*,1,01M650,High school,Cascades High School
30,*,*,*,*,*,*,*,*,*,*,*,*,*,*,*,*,*,*,*,*,*,*,*,*,*,*,*,*,*,*,*,*,*,*,*,*,*,*,*,*,*,*,*,*,*,*,*,*,*,*,*,*,1,01M696,High school,Bard High School Early College
31,*,*,*,*,*,*,*,*,*,*,*,*,*,*,*,*,*,*,*,*,*,*,*,*,*,*,*,*,*,*,*,*,*,*,*,*,*,*,*,*,*,*,*,*,*,*,*,*,*,*,*,*,1,01M839,Junior High-Intermediate-Middle,Tompkins Square Middle School
32,*,*,*,*,*,*,*,*,*,*,*,*,*,*,*,*,*,*,*,*,*,*,*,*,*,*,*,*,*,*,*,*,*,*,*,*,*,*,*,*,*,*,*,*,*,*,*,*,*,*,*,*,2,02M001,Elementary,P.S. 001 Alfred E. Smith
33,*,*,*,*,*,*,*,*,*,*,*,*,*,*,*,*,*,*,*,*,*,*,*,*,*,*,*,*,*,*,*,*,*,*,*,*,*,*,*,*,*,*,*,*,*,*,*,*,*,*,*,*,2,02M002,Elementary,P.S. 002 Meyer London
34,*,*,*,*,*,*,*,*,*,*,*,*,*,*,*,*,*,*,*,*,*,*,*,*,*,*,*,*,*,*,*,*,*,*,*,*,*,*,*,*,*,*,*,*,*,*,*,*,*,*,*,*,2,02M003,Elementary,P.S. 003 Charrette School
35,*,*,*,*,*,*,7,*,*,*,*,*,*,*,*,*,*,*,*,*,*,*,*,*,*,*,*,*,*,*,*,*,*,*,*,*,*,*,*,*,*,*,*,*,*,*,*,*,*,*,*,*,2,02M006,Elementary,P.S. 006 Lillie D. Blake
36,*,*,*,*,*,*,*,*,*,*,*,*,*,*,*,*,*,*,*,*,*,*,*,*,*,*,*,*,*,*,*,*,*,*,*,*,*,*,*,*,*,*,*,*,*,*,*,*,*,*,*,*,2,02M011,Elementary,P.S. 011 William T. Harris
37,*,*,*,*,*,*,*,*,*,*,*,*,*,*,*,*,*,*,*,*,*,*,*,*,*,*,*,*,*,*,*,*,*,*,*,*,*,*,*,*,*,*,*,*,*,*,*,*,*,*,*,*,2,02M033,Elementary,P.S. 033 Chelsea Prep
38,*,*,*,*,*,*,*,*,*,*,*,*,*,*,*,*,*,*,*,*,*,*,*,*,*,*,*,*,*,*,*,*,*,*,*,*,*,*,*,*,*,*,*,*,*,*,*,*,*,*,*,*,2,02M040,Elementary,P.S. 040 Augustus Saint-Gaudens
39,*,*,*,*,*,*,*,*,*,*,*,*,*,*,*,*,*,*,*,*,*,*,*,*,*,*,*,*,*,*,*,*,*,*,*,*,*,*,*,*,*,*,*,*,*,*,*,*,*,*,*,*,2,02M041,Elementary,P.S. 041 Greenwich Village
40,*,*,*,*,*,*,*,*,*,*,*,*,*,*,*,*,*,*,*,*,*,*,*,*,*,*,*,*,*,*,*,*,*,*,*,*,*,*,*,*,*,*,*,*,*,*,*,*,*,*,*,*,2,02M042,Elementary,P.S. 042 Benjamin Altman
41,*,*,*,*,*,*,*,*,*,*,*,*,*,*,*,*,*,*,*,*,*,*,*,*,*,*,*,*,*,*,*,*,*,*,*,*,*,*,*,*,*,*,*,*,*,*,*,*,*,*,*,*,2,02M047,High school,47 The American Sign Language and English Secondar
42,*,*,*,*,*,*,*,*,*,*,*,*,*,*,*,*,*,*,*,*,*,*,*,*,*,*,*,*,*,*,*,*,*,*,*,*,*,*,*,*,*,*,*,*,*,*,*,*,*,*,*,*,2,02M051,Elementary,P.S. 051 Elias Howe
43,*,*,*,*,*,*,*,*,*,*,*,*,*,*,*,*,*,*,*,*,*,*,*,*,*,*,*,*,*,*,*,*,*,*,*,*,*,*,*,*,*,*,*,*,*,*,*,*,*,*,*,*,2,02M059,Elementary,P.S. 059 Beekman Hill International
44,*,*,*,*,*,*,*,*,*,*,*,*,*,*,*,*,*,*,*,*,*,*,*,*,*,*,*,*,*,*,*,*,*,*,*,*,*,*,*,*,*,*,*,*,*,*,*,*,*,*,*,*,2,02M077,Elementary,P.S. 77 Lower Lab School
45,*,*,*,*,*,*,*,*,*,*,*,*,*,*,*,*,*,*,*,*,*,*,*,*,*,*,*,*,*,*,*,*,*,*,*,*,*,*,*,*,*,*,*,*,*,*,*,*,*,*,*,*,2,02M089,Elementary,P.S. 89
46,*,*,*,*,*,*,*,*,*,*,*,*,*,*,*,*,*,*,*,*,*,6,*,*,*,26,13,*,*,20,*,*,*,*,*,*,*,*,*,*,*,*,*,*,*,*,*,*,*,*,*,*,2,02M104,Junior High-Intermediate-Middle,J.H.S. 104 Simon Baruch
47,*,*,*,*,*,*,*,*,*,*,*,*,*,*,*,*,*,*,*,*,*,*,*,*,*,*,*,*,*,*,*,*,*,*,*,*,*,*,*,*,*,*,*,*,*,*,*,*,*,*,*,*,2,02M111,Elementary,P.S. 111 Adolph S. Ochs
48,*,*,*,*,*,*,*,*,*,*,*,*,*,*,*,*,*,*,*,*,*,*,*,*,*,*,*,*,*,*,*,*,*,*,*,*,*,*,*,*,*,*,*,*,*,*,*,*,*,*,*,*,2,02M114,Junior High-Intermediate-Middle,East Side Middle School
49,*,*,*,*,*,*,*,*,*,*,*,*,*,*,*,*,*,*,*,*,*,*,*,*,*,*,*,*,*,*,*,*,*,*,*,*,*,*,*,*,*,*,*,*,*,*,*,*,*,*,*,*,2,02M116,Elementary,P.S. 116 Mary Lindley Murray
50,*,*,*,*,*,*,10,*,*,*,*,*,*,*,6,*,*,*,7,*,*,*,*,*,*,*,*,*,*,*,*,*,*,*,*,*,*,*,*,*,*,*,*,*,*,*,*,*,*,*,*,*,2,02M124,Elementary,P.S. 124 Yung Wing
51,*,*,*,*,*,*,*,*,*,*,*,*,*,*,*,*,*,*,*,*,*,*,*,*,*,*,*,*,*,*,*,*,*,*,*,*,*,*,*,*,*,*,*,*,*,*,*,*,*,*,*,*,2,02M126,K-8,P.S. 126 Jacob August Riis
52,*,*,*,*,*,*,*,*,*,*,*,*,*,*,*,*,*,*,*,*,*,*,*,*,*,*,*,*,*,*,*,*,*,*,*,*,*,*,*,*,*,*,*,*,*,*,*,*,*,*,*,*,2,02M130,Elementary,P.S. 130 Hernando De Soto
53,*,*,*,*,*,*,*,*,*,*,*,*,*,*,*,*,*,*,*,*,*,6,*,*,*,16,*,*,*,*,*,*,*,*,*,*,*,*,*,*,*,*,*,*,*,*,*,*,*,*,*,*,2,02M131,Junior High-Intermediate-Middle,M.S. 131
54,*,*,*,*,*,*,*,*,*,*,*,*,*,*,*,*,*,*,*,*,*,*,*,*,*,*,*,*,*,*,*,*,*,20,11,*,*,*,*,*,*,21,15,*,*,*,*,*,*,*,*,*,2,02M135,High school,The Urban Assembly School for Emergency Management
55,*,*,*,*,*,*,*,*,*,*,*,*,*,*,*,*,*,*,*,*,*,*,*,*,*,*,*,*,*,*,*,*,*,8,*,*,*,*,*,*,*,14,*,*,*,12,*,*,*,*,*,*,2,02M139,High school,Stephen T. Mather Building Arts & Craftsmanship Hi
56,*,*,*,*,*,*,*,*,*,*,*,*,*,*,*,*,*,*,*,*,*,*,*,*,*,*,*,*,*,*,*,*,*,*,*,*,*,*,*,*,*,*,*,*,*,*,*,*,*,*,*,*,2,02M150,Elementary,P.S. 150
57,*,*,*,*,*,*,*,*,*,*,*,*,*,*,6,*,*,*,*,*,*,*,*,*,*,*,*,*,*,*,*,*,*,*,*,*,*,*,*,*,*,*,*,*,*,*,*,*,*,*,*,*,2,02M151,Elementary,Yorkville Community School
58,*,*,*,*,*,*,*,*,*,*,*,*,*,*,*,*,*,*,*,*,*,*,*,*,*,*,*,*,*,*,*,*,*,*,*,*,*,*,*,*,*,*,*,*,*,*,*,*,*,*,*,*,2,02M158,Elementary,P.S. 158 Bayard Taylor
59,*,*,*,*,*,*,*,*,*,*,*,*,*,*,*,*,*,*,*,*,*,9,*,*,*,17,*,*,*,11,*,*,*,*,*,*,*,*,*,*,*,*,*,*,*,*,*,*,*,*,*,*,2,02M167,Junior High-Intermediate-Middle,J.H.S. 167 Robert F. Wagner
60,*,*,*,*,*,*,*,*,*,*,*,*,*,*,*,*,*,*,*,*,*,*,*,*,*,*,*,*,*,*,*,*,*,*,*,*,*,*,*,*,*,*,*,*,*,*,*,*,*,*,*,*,2,02M177,Junior High-Intermediate-Middle,Yorkville East Middle School
61,*,*,*,*,*,*,*,*,*,*,*,*,*,*,*,*,*,6,*,*,*,*,*,*,*,*,*,*,*,*,*,*,*,*,*,*,*,*,*,*,*,*,*,*,*,*,*,*,*,*,*,*,2,02M183,Elementary,P.S. 183 Robert L. Stevenson
62,*,*,*,*,*,*,*,*,*,*,*,*,*,*,*,*,*,*,*,*,*,*,*,*,*,*,*,*,*,*,*,*,*,*,*,*,*,*,*,*,*,*,*,*,*,*,*,*,*,*,*,*,2,02M198,Elementary,P.S. 198 Isador E. Ida Straus
63,*,*,*,*,*,*,*,*,*,*,*,*,*,*,*,*,*,*,*,*,*,*,*,*,*,*,*,*,*,*,*,*,*,*,*,*,*,*,*,*,*,*,*,*,*,*,*,*,*,*,*,*,2,02M212,Elementary,P.S. 212 Midtown West
64,*,*,*,*,*,*,*,*,*,*,*,*,*,*,*,*,*,*,22,*,*,*,*,*,*,9,8,*,*,8,*,*,*,*,*,*,*,*,*,*,*,*,*,*,*,*,*,*,*,*,*,*,2,02M217,K-8,P.S./I.S. 217 Roosevelt Island
65,*,*,*,*,*,*,*,*,*,*,*,*,*,*,*,*,*,*,*,*,*,*,*,*,*,*,*,*,*,*,*,*,*,*,*,*,*,*,*,*,*,*,*,*,*,*,*,*,*,*,*,*,2,02M225,K-8,Ella Baker School
66,*,*,*,*,*,*,*,*,*,*,*,*,*,*,*,*,*,*,*,*,*,*,*,*,*,*,*,*,*,*,*,*,*,*,*,*,*,*,*,*,*,*,*,*,*,*,*,*,*,*,*,*,2,02M234,Elementary,P.S. 234 Independence School
67,*,*,*,*,*,*,*,*,*,*,*,*,*,*,*,*,*,*,*,*,*,*,*,*,*,*,*,*,*,*,*,*,*,*,*,*,*,*,*,*,*,*,*,*,*,*,*,*,*,*,*,*,2,02M255,Junior High-Intermediate-Middle,M.S. 255 Salk School of Science
68,*,*,*,*,*,*,*,*,*,*,*,*,*,*,*,*,*,*,*,*,*,*,*,*,*,*,*,*,*,*,*,*,*,*,*,*,*,*,*,*,*,*,*,*,*,*,*,*,*,*,*,*,2,02M260,Secondary School,M.S. 260 Clinton School Writers & Artists
69,*,*,*,*,*,*,*,*,*,*,*,*,*,*,*,*,*,*,*,*,*,*,*,*,*,*,*,*,*,*,*,*,*,*,*,*,*,*,*,*,*,*,*,*,*,*,*,*,*,*,*,*,2,02M267,Elementary,"East Side Elementary School, PS 267"
70,*,*,*,*,*,*,*,*,*,*,*,*,*,*,*,*,*,*,*,*,*,*,6,*,*,*,*,*,*,*,8,*,*,*,*,*,*,*,*,*,*,*,*,*,*,*,*,*,*,*,*,*,2,02M276,K-8,Battery Park City School
71,*,*,*,*,*,*,*,*,*,*,*,*,*,*,*,*,*,*,*,*,*,*,*,*,*,*,*,*,*,*,*,*,*,*,*,*,*,*,*,*,*,12,*,*,*,*,*,*,*,*,*,*,2,02M280,High school,Manhattan Early College School for Advertising
72,*,*,*,*,*,*,*,*,*,*,*,*,*,*,*,*,*,*,*,*,*,*,*,*,*,*,*,*,*,*,*,*,*,*,*,*,*,*,*,*,*,*,*,*,*,*,*,*,*,*,*,*,2,02M281,Elementary,The River School
73,*,*,*,*,*,*,*,*,*,*,*,*,*,*,*,*,*,*,*,*,*,*,*,*,*,*,*,*,*,*,*,*,*,29,*,6,*,*,*,*,*,15,*,*,*,*,*,*,*,*,*,*,2,02M282,High school,Urban Assembly Maker Academy
74,*,*,*,*,*,*,*,*,*,*,*,*,*,*,*,*,*,*,*,*,*,*,*,*,*,*,*,*,*,*,*,*,*,28,*,6,*,*,*,*,*,14,*,*,*,*,*,*,*,6,*,*,2,02M288,High school,Food and Finance High School
75,*,*,*,*,*,*,*,*,*,*,*,*,*,*,*,*,*,*,*,*,*,*,*,*,*,*,*,*,*,8,*,*,*,*,*,*,*,*,*,*,*,*,*,*,*,*,*,*,*,*,*,*,2,02M289,Junior High-Intermediate-Middle,I.S. 289
76,*,*,*,*,*,*,*,*,*,*,*,*,*,*,*,*,*,*,*,*,*,*,*,*,*,*,*,*,*,*,*,*,*,*,*,*,*,*,*,*,*,*,*,*,*,*,*,*,*,*,*,*,2,02M290,Elementary,P.S. 290 Manhattan New School
77,*,*,*,*,*,*,*,*,*,*,*,*,*,*,*,*,*,*,*,*,*,*,*,*,*,*,*,*,*,*,*,*,*,*,*,*,*,*,*,*,*,6,*,*,*,*,*,*,*,*,*,*,2,02M294,High school,Essex Street Academy
78,*,*,*,*,*,*,*,*,*,*,*,*,*,*,*,*,*,*,*,*,*,*,*,*,*,*,*,*,*,*,*,*,*,41,*,*,*,*,*,*,*,18,*,*,*,6,*,*,*,*,*,*,2,02M296,High school,High School of Hospitality Management
79,*,*,*,*,*,*,*,*,*,*,*,*,*,*,*,*,*,*,*,*,*,*,*,*,*,*,*,*,*,*,*,*,*,7,*,*,*,*,*,*,*,*,*,*,*,*,*,*,*,*,*,*,2,02M298,High school,Pace High School
80,*,*,*,*,*,*,*,*,*,*,*,*,*,*,*,*,*,*,*,*,*,*,*,*,*,*,*,*,*,*,*,*,*,*,*,*,*,*,*,*,*,*,*,6,*,*,*,*,*,*,*,*,2,02M300,High school,"Urban Assembly School of Design and Construction,"
81,*,*,*,*,*,*,*,*,*,*,*,*,*,*,*,*,*,*,*,*,*,*,*,*,*,*,*,*,*,*,*,*,*,9,*,*,*,*,*,*,*,*,*,*,*,*,*,*,*,*,*,*,2,02M303,High school,"Facing History School, The"
82,*,*,*,*,*,*,*,*,*,*,*,*,*,*,*,*,*,*,*,*,*,*,*,*,*,*,*,*,*,*,*,*,*,19,*,8,*,*,*,*,*,30,6,10,*,16,*,*,*,14,*,*,2,02M305,High school,"Urban Assembly Academy of Government and Law, The"
83,*,*,*,*,*,*,*,*,*,*,*,*,*,*,*,*,*,*,*,*,*,*,*,*,*,*,*,*,*,*,*,*,*,20,*,*,*,*,*,*,*,18,*,*,*,*,*,*,*,*,*,*,2,02M308,High school,Lower Manhattan Arts Academy
84,*,*,*,*,*,*,*,*,*,*,*,*,*,*,*,*,*,*,*,*,*,*,6,*,*,*,*,*,*,*,11,*,*,*,*,*,*,*,*,*,*,*,*,*,*,*,*,*,*,*,*,*,2,02M312,Junior High-Intermediate-Middle,New York City Lab Middle School for Collaborative
85,*,*,*,*,*,*,*,*,*,*,*,*,*,*,*,*,*,*,*,*,*,*,*,*,*,*,*,*,*,*,*,*,*,*,*,*,*,*,*,*,*,*,*,*,*,*,*,*,*,*,*,*,2,02M313,High school,"James Baldwin School, The: A School for Expedition"
86,*,*,*,*,*,*,*,*,*,*,*,*,*,*,*,*,*,*,*,*,*,*,*,*,*,*,*,*,*,*,*,*,*,14,10,12,*,*,*,*,*,*,*,*,*,*,*,*,*,*,*,*,2,02M316,High school,"Urban Assembly School of Business for Young Women,"
87,*,*,*,*,*,*,*,*,*,*,*,*,*,*,*,*,*,*,*,*,*,*,*,*,*,*,*,*,*,*,*,*,*,*,*,*,*,*,*,*,*,*,*,*,*,*,*,*,*,*,*,*,2,02M340,Elementary,Sixth Avenue Elementary School
88,*,*,*,*,*,*,*,*,*,*,*,*,*,*,*,*,*,*,*,*,*,*,*,*,*,*,*,*,*,*,*,*,*,*,*,*,*,*,*,*,*,*,*,*,*,*,*,*,*,*,*,*,2,02M343,Elementary,The Peck Slip School
89,*,*,*,*,*,*,*,*,*,*,*,*,*,*,*,*,*,*,*,*,*,*,*,*,*,*,*,*,*,*,*,*,*,*,*,*,*,*,*,*,*,*,*,*,*,*,*,*,*,*,*,*,2,02M347,K-8,The 47 American Sign Language & English Lower Scho
90,*,*,*,*,*,*,*,*,*,*,*,*,*,*,*,*,*,*,*,*,*,*,*,*,*,*,*,*,*,*,*,*,*,14,*,6,*,*,*,*,*,21,*,*,*,*,*,*,*,*,*,*,2,02M374,High school,Gramercy Arts High School
91,*,*,*,*,*,*,*,*,*,*,*,*,*,*,*,*,*,*,*,*,*,*,*,*,*,*,*,*,*,*,*,*,*,7,*,*,*,*,*,*,*,*,*,*,*,*,*,*,*,*,*,*,2,02M376,High school,NYC iSchool
92,*,*,*,*,*,*,*,*,*,*,*,*,*,*,*,*,*,*,*,*,*,*,*,*,*,*,*,*,*,*,*,*,*,*,*,*,*,*,*,*,*,*,*,*,*,*,*,*,*,*,*,*,2,02M391,District Pre-K Center,District 2 Pre-K Center
93,*,*,*,*,*,*,*,*,*,*,*,*,*,*,*,*,*,*,*,*,*,*,*,*,*,*,*,*,*,*,*,*,*,28,*,*,*,*,*,*,*,49,*,*,*,27,*,*,*,11,*,*,2,02M392,High school,MANHATTAN BUSINESS ACADEMY
94,*,*,*,*,*,*,*,*,*,*,*,*,*,*,*,*,*,*,*,*,*,*,*,*,*,*,*,*,*,*,*,*,*,21,*,*,*,*,*,*,*,16,*,*,*,26,*,*,*,*,*,*,2,02M393,High school,Business Of Sports School
95,*,*,*,*,*,*,*,*,*,*,*,*,*,*,*,*,*,*,*,*,*,*,*,*,*,*,*,*,*,*,*,*,*,*,*,*,*,*,*,*,*,*,*,*,*,*,*,*,*,*,*,*,2,02M394,High school,Emma Lazarus High School
96,*,*,*,*,*,*,*,*,*,*,*,*,*,*,*,*,*,*,*,*,*,*,*,*,*,*,*,*,*,*,*,*,*,*,*,*,*,*,*,*,*,*,*,*,*,*,*,*,*,*,*,*,2,02M397,K-8,Spruce Street School
97,*,*,*,*,*,*,*,*,*,*,*,*,*,*,*,*,*,*,*,*,*,*,*,*,*,*,*,*,*,*,*,*,*,7,*,*,*,*,*,*,*,*,*,*,*,*,*,7,*,*,*,*,2,02M399,High school,The High School For Language And Diplomacy
98,*,*,*,*,*,*,*,*,*,*,*,*,*,*,*,*,*,*,*,*,*,*,*,*,*,*,*,*,*,*,*,*,*,*,*,*,*,*,*,*,*,*,*,*,*,*,*,*,*,*,*,*,2,02M400,High school,High School for Environmental Studies
99,*,*,*,*,*,*,*,*,*,*,*,*,*,*,*,*,*,*,*,*,*,*,*,*,*,*,*,*,*,*,*,*,*,*,*,*,*,*,*,*,*,*,*,*,*,*,*,*,*,*,*,*,2,02M407,Secondary School,Institute for Collaborative Education
100,*,*,*,*,*,*,*,*,*,*,*,*,*,*,*,*,*,*,*,*,*,*,*,*,*,*,*,*,*,*,*,*,*,*,*,*,*,*,*,*,*,*,*,*,*,*,*,*,*,*,*,*,2,02M408,Secondary School,Professional Performing Arts High School
101,*,*,*,*,*,*,*,*,*,*,*,*,*,*,*,*,*,*,*,*,*,*,*,*,*,*,*,*,*,*,*,*,*,*,*,*,*,*,*,*,*,*,*,*,*,7,*,*,*,*,*,*,2,02M411,High school,Baruch College Campus High School
102,*,*,*,*,*,*,*,*,*,*,*,*,*,*,*,*,*,*,*,*,*,*,*,*,*,*,*,*,*,*,*,*,*,*,*,*,*,*,*,*,*,*,*,*,*,*,*,*,*,6,*,*,2,02M412,High school,N.Y.C. Lab School for Collaborative Studies
103,*,*,*,*,*,*,*,*,*,*,*,*,*,*,*,*,*,*,*,*,*,*,*,*,*,*,*,*,*,*,*,*,*,*,*,*,*,*,*,*,*,*,*,*,*,*,*,*,*,*,*,*,2,02M413,Secondary School,School of the Future High School
104,*,*,*,*,*,*,*,*,*,*,*,*,*,*,*,*,*,*,*,*,*,*,*,*,*,*,*,*,*,*,*,*,*,8,*,*,*,*,*,*,*,*,*,*,*,*,*,*,*,*,*,*,2,02M414,High school,N.Y.C. Museum School
105,*,*,*,*,*,*,*,*,*,*,*,*,*,*,*,*,*,*,*,*,*,*,*,*,*,*,*,*,*,*,*,*,*,*,*,*,*,*,*,*,*,*,*,*,*,*,*,*,*,*,*,*,2,02M416,High school,Eleanor Roosevelt High School
106,*,*,*,*,*,*,*,*,*,*,*,*,*,*,*,*,*,*,*,*,*,*,*,*,*,*,*,*,*,*,*,*,*,*,*,*,*,*,*,*,*,*,*,*,*,*,*,*,*,*,*,*,2,02M418,High school,Millennium High School
107,*,*,*,*,*,*,*,*,*,*,*,*,*,*,*,*,*,*,*,*,*,*,*,*,*,*,*,*,*,*,*,*,*,*,*,*,*,*,*,*,*,*,*,*,*,*,*,*,*,*,*,*,2,02M419,High school,Landmark High School
108,*,*,*,*,*,*,*,*,*,*,*,*,*,*,*,*,*,*,*,*,*,*,*,*,*,*,*,*,*,*,*,*,*,26,*,6,*,*,*,*,*,21,*,*,*,7,*,*,*,*,*,*,2,02M420,High school,High School for Health Professions and Human Servi
109,*,*,*,*,*,*,*,*,*,*,*,*,*,*,*,*,*,*,*,*,*,8,*,*,*,*,*,*,*,21,13,13,*,*,*,*,*,*,*,*,*,8,*,*,*,*,*,*,*,*,*,*,2,02M422,Secondary School,Quest to Learn
110,*,*,*,*,*,*,*,*,*,*,*,*,*,*,*,*,*,*,*,*,*,*,*,*,*,*,*,*,*,*,*,*,*,19,*,*,*,*,*,*,*,14,*,*,*,8,*,*,*,10,*,*,2,02M425,High school,Leadership and Public Service High School
111,*,*,*,*,*,*,*,*,*,*,*,*,*,*,*,*,*,*,*,*,*,*,*,*,*,*,*,*,*,*,*,*,*,14,*,*,*,*,*,*,*,10,*,*,*,*,*,*,*,*,*,*,2,02M427,High school,MANHATTAN ACADEMY FOR ARTS & LANGUAGE
112,*,*,*,*,*,*,*,*,*,*,*,*,*,*,*,*,*,*,*,*,*,*,*,*,*,*,*,*,*,*,*,*,*,25,*,*,*,*,*,*,*,16,*,*,*,6,*,*,*,6,*,*,2,02M432,High school,Murray Hill Academy
113,*,*,*,*,*,*,*,*,*,*,*,*,*,*,*,*,*,*,*,*,*,*,*,*,*,*,*,*,*,*,*,*,*,46,*,*,*,*,*,*,*,53,*,*,*,26,6,*,*,11,*,*,2,02M437,High school,Hudson High School of Learning Technologies
114,*,*,*,*,*,*,*,*,*,*,*,*,*,*,*,*,*,*,*,*,*,*,*,*,*,*,*,*,*,*,*,*,*,*,*,*,*,*,*,*,*,13,*,*,*,*,*,*,*,*,*,*,2,02M438,High school,International High School at Union Square
115,*,*,*,*,*,*,*,*,*,*,*,*,*,*,*,*,*,*,*,*,*,*,*,*,*,*,*,*,*,*,*,*,*,*,*,*,*,*,*,*,*,*,*,*,*,9,*,*,*,*,*,*,2,02M439,High school,Manhattan Village Academy
116,*,*,*,*,*,*,*,*,*,*,*,*,*,*,*,*,*,*,*,*,*,*,*,*,*,*,*,*,*,*,*,*,*,*,*,*,*,*,*,*,*,*,*,*,*,*,*,*,*,*,*,*,2,02M442,K-8,"Ballet Tech, NYC Public School for Dance"
117,*,*,*,*,*,*,*,*,*,*,*,*,*,*,*,*,*,*,*,*,*,*,*,*,*,*,*,*,*,*,*,*,*,*,*,*,*,*,*,*,*,*,*,*,*,*,*,*,*,*,*,*,2,02M444,Central-HQ-Citywide,Home Schooling
118,*,*,*,*,*,*,*,*,*,*,*,*,*,*,*,*,*,*,*,*,*,*,*,*,*,*,*,*,*,*,*,*,*,*,*,*,*,*,*,*,*,9,*,*,*,*,*,*,*,*,*,*,2,02M449,High school,Vanguard High School
119,*,*,*,*,*,*,*,*,*,*,*,*,*,*,*,*,*,*,*,*,*,*,*,*,*,*,*,*,*,*,*,*,*,*,*,*,*,*,*,*,*,*,*,*,*,*,*,*,*,*,*,*,2,02M459,High school,Manhattan International High School
120,*,*,*,*,*,*,*,*,*,*,*,*,*,*,*,*,*,*,*,*,*,*,*,*,*,*,*,*,*,*,*,*,*,*,*,*,*,*,*,*,*,*,*,*,*,*,*,*,*,*,*,*,2,02M473,High school,Washington Irving Yabc
121,*,*,*,*,*,*,*,*,*,*,*,*,*,*,*,*,*,*,*,*,*,*,*,*,*,*,*,*,*,*,*,*,*,*,*,*,*,*,*,*,*,8,*,*,*,*,*,*,*,23,*,*,2,02M475,High school,Stuyvesant High School
122,*,*,*,*,*,*,*,*,*,*,*,*,*,*,*,*,*,*,*,*,*,*,*,*,*,*,*,*,*,*,*,*,*,6,*,*,*,*,*,*,*,8,*,*,*,*,*,*,*,*,*,*,2,02M489,High school,High School of Economics and Finance
123,*,*,*,*,*,*,*,*,*,*,*,*,*,*,*,*,*,*,*,*,*,*,*,*,*,*,*,*,*,*,*,*,*,*,*,*,*,*,*,*,*,*,*,*,*,*,*,*,*,*,*,*,2,02M500,High school,Unity Center for Urban Technologies
124,*,*,*,*,*,*,*,*,*,*,*,*,*,*,*,*,*,*,*,*,*,*,*,*,*,*,*,*,*,*,*,*,*,17,*,*,*,*,*,*,*,6,*,*,*,7,*,*,*,8,*,*,2,02M507,High school,Urban Assembly Gateway School for Technology
125,*,*,*,*,*,*,*,*,*,*,*,*,*,*,*,*,*,*,*,*,*,*,*,*,*,*,*,*,*,*,*,*,*,*,*,*,*,*,*,*,*,*,*,*,*,*,*,*,*,*,*,*,2,02M519,High school,Talent Unlimited High School
126,*,*,*,*,*,*,*,*,*,*,*,*,*,*,*,*,*,*,*,*,*,*,*,*,*,*,*,*,*,*,*,*,*,*,*,*,*,*,*,*,*,*,*,*,*,*,*,*,*,*,*,*,2,02M520,High school,Murry Bergtraum High School for Business Careers
127,*,*,*,*,*,*,*,*,*,*,*,*,*,*,*,*,*,*,*,*,*,*,*,*,*,*,*,*,*,*,*,*,*,*,*,*,*,*,*,*,*,*,*,*,*,*,*,*,*,*,*,*,2,02M527,Elementary,P.S. 527 - East Side School for Social Action
128,*,*,*,*,*,*,*,*,*,*,*,*,*,*,*,*,*,*,*,*,*,*,*,*,*,*,*,*,*,*,*,*,*,41,31,12,*,*,*,*,*,36,20,14,*,21,*,*,*,7,*,*,2,02M529,High school,Jacqueline Kennedy Onassis High School
129,*,*,*,*,*,*,*,*,*,*,*,*,*,*,*,*,*,*,*,*,*,*,*,*,*,*,*,*,*,*,*,*,*,*,*,*,*,*,*,*,*,*,*,*,*,*,*,*,*,*,*,*,2,02M531,High school,Repertory Company High School for Theatre Arts
130,*,*,*,*,*,*,*,*,*,*,*,*,*,*,*,*,*,*,*,*,*,*,*,*,*,*,*,*,*,*,*,*,*,*,*,*,*,*,*,*,*,*,*,*,*,*,*,*,*,*,*,*,2,02M533,High school,Union Square Academy for Health Sciences
131,*,*,*,*,*,*,*,*,*,*,*,*,*,*,*,*,*,*,*,*,*,*,*,*,*,*,*,*,*,*,*,*,*,8,*,*,*,*,*,*,*,15,*,*,*,6,*,*,*,*,*,*,2,02M534,High school,Harvest Collegiate High School
132,*,*,*,*,*,*,*,*,*,*,*,*,*,*,*,*,*,*,*,*,*,*,*,*,*,*,*,*,*,*,*,*,*,*,*,*,*,*,*,*,*,*,*,*,*,*,*,*,*,*,*,*,2,02M542,High school,Manhattan Bridges High School
133,*,*,*,*,*,*,*,*,*,*,*,*,*,*,*,*,*,*,*,*,*,*,*,*,*,*,*,*,*,*,*,*,*,*,*,12,*,*,*,*,*,*,*,7,*,*,*,*,*,*,*,*,2,02M543,High school,New Design High School
134,*,*,*,*,*,*,*,*,*,*,*,*,*,*,*,*,*,*,*,*,*,*,*,*,*,*,*,*,*,*,*,*,*,*,*,*,*,*,*,*,*,7,*,*,*,*,*,*,*,6,*,*,2,02M544,High school,Independence High School
135,*,*,*,*,*,*,*,*,*,*,*,*,*,*,*,*,*,*,*,*,*,*,*,*,*,*,*,*,*,*,*,*,*,*,*,*,*,*,*,*,*,*,*,*,*,*,*,*,*,*,*,*,2,02M545,High school,High School for Dual Language and Asian Studies
136,*,*,*,*,*,*,*,*,*,*,*,*,*,*,*,*,*,*,*,*,*,*,*,*,*,*,*,*,*,*,*,*,*,*,*,*,*,*,*,*,*,12,*,*,*,7,*,*,*,*,*,*,2,02M546,High school,Academy for Software Engineering
137,*,*,*,*,*,*,*,*,*,*,*,*,*,*,*,*,*,*,*,*,*,*,*,*,*,*,*,*,*,*,*,*,*,6,*,*,*,*,*,*,*,8,*,*,*,*,*,*,*,*,*,*,2,02M550,High school,Liberty High School Academy for Newcomers
138,*,*,*,*,*,*,*,*,*,*,*,*,*,*,*,*,*,*,*,*,*,*,*,*,*,*,*,*,*,*,*,*,*,15,*,*,*,*,*,*,*,8,*,7,*,7,*,*,*,*,*,*,2,02M551,High school,Urban Assembly New York Harbor School
139,*,*,*,*,*,*,*,*,*,*,*,*,*,*,*,*,*,*,*,*,*,*,*,*,*,*,*,*,*,*,*,*,*,*,*,*,*,*,*,*,*,*,*,*,*,*,*,*,*,*,*,*,2,02M560,High school,High School M560 - City As School
140,*,*,*,*,*,*,*,*,*,*,*,*,*,*,*,*,*,*,*,*,*,*,*,*,*,*,*,*,*,*,*,*,*,*,*,*,*,*,*,*,*,*,*,*,*,*,*,*,*,*,*,*,2,02M565,High school,Urban Academy Laboratory High School
141,*,*,*,*,*,*,*,*,*,*,*,*,*,*,*,*,*,*,*,*,*,*,*,*,*,*,*,*,*,*,*,*,*,*,*,*,*,*,*,*,*,*,*,*,*,*,*,*,*,*,*,*,2,02M570,High school,Satellite Academy High School
142,*,*,*,*,*,*,*,*,*,*,*,*,*,*,*,*,*,*,*,*,*,*,*,*,*,*,*,*,*,*,*,*,*,*,*,*,*,*,*,*,*,*,*,*,*,*,*,*,*,*,*,*,2,02M575,High school,Manhattan Comprehensive Night and Day High School
143,*,*,*,*,*,*,*,*,*,*,*,*,*,*,*,*,*,*,*,*,*,*,*,*,*,*,*,*,*,*,*,*,*,*,*,*,*,*,*,*,*,*,*,*,*,*,*,*,*,*,*,*,6,06M189,Elementary,P.S. 189
144,*,*,*,*,*,*,*,*,*,*,*,*,*,*,*,*,*,*,*,*,*,*,*,*,*,*,*,*,*,*,*,*,*,24,*,23,*,*,*,*,*,7,*,9,*,*,*,*,*,*,*,*,2,02M580,High school,Richard R. Green High School of Teaching
145,*,*,*,*,*,*,*,*,*,*,*,*,*,*,*,*,*,*,*,*,*,*,*,*,*,*,*,*,*,*,*,*,*,*,*,*,*,*,*,*,*,*,*,*,*,*,*,*,*,10,*,*,2,02M586,High school,Harvey Milk High School
146,*,*,*,*,*,*,*,*,*,*,*,*,*,*,*,*,*,*,*,*,*,*,*,*,*,*,*,*,*,*,*,*,*,11,*,*,*,*,*,*,*,8,*,*,*,6,*,*,*,*,*,*,2,02M600,High school,The High School of Fashion Industries
147,*,*,*,*,*,*,*,*,*,*,*,*,*,*,*,*,*,*,*,*,*,*,*,*,*,*,*,*,*,*,*,*,*,*,*,*,*,*,*,*,*,*,*,*,*,*,*,*,*,*,*,*,2,02M605,High school,Humanities Preparatory Academy
148,*,*,*,*,*,*,*,*,*,*,*,*,*,*,*,*,*,*,*,*,*,*,*,*,*,*,*,*,*,*,*,*,*,7,*,*,*,*,*,*,*,*,*,*,*,*,*,*,*,9,*,*,2,02M615,High school,Chelsea Career and Technical Education High School
149,*,*,*,*,*,*,*,*,*,*,*,*,*,*,*,*,*,*,*,*,*,*,*,*,*,*,*,*,*,*,*,*,*,*,*,*,*,*,*,*,*,*,*,*,*,*,*,*,*,*,*,*,2,02M625,High school,High School of Graphic Communication Arts
150,*,*,*,*,*,*,*,*,*,*,*,*,*,*,*,*,*,*,*,*,*,*,*,*,*,*,*,*,*,*,*,*,*,23,*,*,*,*,*,*,*,18,*,*,*,18,*,*,*,*,*,*,2,02M630,High school,Art and Design High School
151,*,*,*,*,*,*,*,*,*,*,*,*,*,*,*,*,*,*,*,*,*,11,*,*,*,7,*,*,*,21,*,*,*,29,*,26,*,*,*,*,*,13,*,10,*,7,*,8,*,*,*,*,2,02M655,Secondary School,Life Sciences Secondary School
152,*,*,*,*,*,*,*,*,*,*,*,*,*,*,*,*,*,*,*,*,*,*,*,*,*,*,*,*,*,*,*,*,*,*,*,*,*,*,*,*,*,*,*,*,*,*,*,*,*,*,*,*,2,02M893,Junior High-Intermediate-Middle,Jacob Riis School
153,*,*,*,*,*,*,*,*,*,*,*,*,*,*,*,*,*,*,*,*,*,*,*,*,*,*,*,*,*,*,*,*,*,*,*,*,*,*,*,*,*,*,*,*,*,*,*,*,*,*,*,*,2,02M896,Junior High-Intermediate-Middle,Lower Manhattan Community Middle School
154,*,*,*,*,*,*,*,*,*,*,*,*,*,*,*,*,*,*,*,*,*,*,*,*,*,*,*,*,*,*,*,*,*,*,*,*,*,*,*,*,*,*,*,*,*,*,*,*,*,*,*,*,2,02M902,Ungraded,Washington Irving Evng Hs T/R @NTHS
155,*,*,*,*,*,*,*,*,*,*,*,*,*,*,*,*,*,*,*,*,*,*,*,*,*,*,*,*,*,*,*,*,*,*,*,*,*,*,*,*,*,*,*,*,*,*,*,*,*,*,*,*,2,02M933,Junior High-Intermediate-Middle,City Knoll Middle School
156,*,*,*,*,*,*,*,*,*,*,*,*,*,*,*,*,*,*,*,*,*,*,*,*,*,*,*,*,*,*,*,*,*,*,*,*,*,*,*,*,*,*,*,*,*,*,*,*,*,*,*,*,2,02M972,High school,Office of Academic Policy
157,*,*,*,*,*,*,*,*,*,*,*,*,*,*,*,*,*,*,*,*,*,*,*,*,*,*,*,*,*,*,*,*,*,*,*,*,*,*,*,*,*,*,*,*,*,*,*,*,*,*,*,*,3,03M009,Elementary,P.S. 009 Sarah Anderson
158,*,*,*,*,*,*,*,*,*,*,*,*,*,*,*,*,*,*,*,*,*,*,*,*,*,12,21,*,*,11,15,*,*,*,*,*,*,*,*,*,*,*,*,*,*,*,*,*,*,*,*,*,3,03M054,Junior High-Intermediate-Middle,J.H.S. 054 Booker T. Washington
159,*,*,*,*,*,*,*,*,*,*,*,*,*,*,*,*,*,*,*,*,*,*,*,*,*,*,*,*,*,*,*,*,*,*,*,*,*,*,*,*,*,*,*,*,*,*,*,*,*,*,*,*,3,03M075,Elementary,P.S. 075 Emily Dickinson
160,*,*,*,*,*,*,*,*,*,*,9,*,*,*,*,*,*,*,6,*,*,*,*,6,*,*,*,*,*,10,8,6,*,*,*,*,*,*,6,*,*,*,*,*,*,*,*,*,*,*,*,*,3,03M076,K-8,P.S. 076 A. Philip Randolph
161,*,*,*,*,*,*,6,*,*,*,*,*,*,*,9,*,*,*,*,*,*,*,*,*,*,*,*,*,*,*,*,*,*,*,*,*,*,*,*,*,*,*,*,*,*,*,*,*,*,*,*,*,3,03M084,Elementary,P.S. 084 Lillian Weber
162,*,*,*,*,*,*,*,*,*,*,*,*,*,*,*,*,*,*,*,*,*,*,*,*,*,*,*,*,*,*,*,*,*,*,*,*,*,*,*,*,*,*,*,*,*,*,*,*,*,*,*,*,3,03M087,Elementary,P.S. 087 William Sherman
163,*,*,*,*,*,*,*,*,*,*,*,*,*,*,*,*,*,*,*,*,*,*,*,*,*,*,*,*,*,*,*,*,*,*,*,*,*,*,*,*,*,*,*,*,*,*,*,*,*,*,*,*,3,03M145,Elementary,"P.S. 145, The Bloomingdale School"
164,*,*,*,*,*,*,*,*,*,*,*,*,*,*,*,*,*,*,*,*,*,*,*,*,*,8,*,*,*,*,*,*,*,*,*,*,*,*,*,*,*,*,*,*,*,*,*,*,*,*,*,*,3,03M149,K-8,P.S. 149 Sojourner Truth
165,*,*,*,*,*,*,*,*,*,*,*,*,*,*,*,*,*,*,*,*,*,*,*,*,*,*,*,*,*,*,*,*,*,*,*,*,*,*,*,*,*,*,*,*,*,*,*,*,*,*,*,*,3,03M163,Elementary,P.S. 163 Alfred E. Smith
166,*,*,*,*,*,*,*,*,*,*,*,*,*,*,*,*,*,*,*,*,*,*,*,*,*,*,17,*,*,*,10,*,*,*,*,*,*,*,*,*,*,*,*,*,*,*,*,*,*,*,*,*,3,03M165,K-8,P.S. 165 Robert E. Simon
167,*,*,*,*,*,*,*,*,*,*,*,*,*,*,9,*,*,*,*,*,*,*,*,*,*,*,*,*,*,*,*,*,*,*,*,*,*,*,*,*,*,*,*,*,*,*,*,*,*,*,*,*,3,03M166,Elementary,P.S. 166 The Richard Rodgers School of The Arts an
168,*,*,7,*,*,*,*,*,*,*,11,*,*,*,*,*,*,*,*,*,*,*,*,*,*,*,*,*,*,*,*,*,*,*,*,*,*,*,*,*,*,*,*,*,*,*,*,*,*,*,*,*,3,03M180,K-8,P.S. 180 Hugo Newman
169,*,*,*,*,*,*,*,*,*,*,*,*,*,*,*,*,*,*,*,*,*,*,*,*,*,*,*,*,*,*,*,*,*,*,*,*,*,*,*,*,*,*,*,*,*,*,*,*,*,*,*,*,3,03M185,Early Childhood,P.S. 185 - The Early Childhood Discovery and Desig
170,*,*,*,*,*,*,*,*,*,*,*,*,*,*,*,*,*,*,*,*,*,*,*,*,*,*,*,*,*,*,*,*,*,*,*,*,*,*,*,*,*,*,*,*,*,*,*,*,*,*,*,*,3,03M191,K-8,P.S. 191 Amsterdam
171,*,*,*,*,*,*,*,*,*,*,*,*,*,*,*,*,*,*,*,*,*,*,*,*,*,*,*,*,*,*,*,*,*,*,*,*,*,*,*,*,*,*,*,*,*,*,*,*,*,*,*,*,3,03M199,Elementary,P.S. 199 Jessie Isador Straus
172,*,*,*,*,*,*,*,*,*,*,*,*,*,*,*,*,*,*,*,*,*,*,*,*,*,*,*,*,*,*,*,*,*,*,*,*,*,*,*,*,*,*,*,*,*,*,*,*,*,*,*,*,3,03M208,Elementary,P.S. 208 Alain L. Locke
173,*,*,*,*,*,*,*,*,*,*,*,*,*,*,*,*,*,*,*,*,*,*,*,*,*,*,*,*,*,*,*,*,*,*,*,*,*,*,*,*,*,*,*,*,*,*,*,*,*,*,*,*,3,03M241,Elementary,STEM Institute of Manhattan
174,*,*,*,*,*,*,*,*,*,*,*,*,*,*,*,*,*,*,*,*,*,*,*,*,*,*,*,*,*,*,*,*,*,*,*,*,*,*,*,*,*,*,*,*,*,*,*,*,*,*,*,*,3,03M242,Elementary,P.S. 242 - The Young Diplomats Magnet Academy
175,*,*,*,*,*,*,*,*,*,*,*,*,*,*,*,*,*,*,*,*,*,*,*,*,*,*,*,*,*,*,*,*,*,*,*,*,*,*,*,*,*,*,*,*,*,*,*,*,*,*,*,*,3,03M243,Junior High-Intermediate-Middle,M.S. 243 Center School
176,*,*,*,*,*,*,*,*,*,*,*,*,*,*,*,*,*,*,*,*,*,*,*,*,*,*,*,*,*,*,*,*,*,*,*,*,*,*,*,*,*,*,*,*,*,*,*,*,*,*,*,*,3,03M245,Junior High-Intermediate-Middle,M.S. M245 The Computer School
177,*,*,*,*,*,*,*,*,*,*,*,*,*,*,*,*,*,*,*,*,*,*,13,*,*,*,19,*,*,6,21,*,*,*,*,*,*,*,*,*,*,*,*,*,*,*,*,*,*,*,*,*,3,03M247,Junior High-Intermediate-Middle,M.S. M247 Dual Language Middle School
178,*,*,*,*,*,*,*,*,*,*,*,*,*,*,*,*,*,*,*,*,*,*,*,*,*,*,*,*,*,*,*,*,*,*,*,*,*,*,*,*,*,*,*,*,*,*,*,*,*,*,*,*,3,03M250,Junior High-Intermediate-Middle,M.S. 250 West Side Collaborative Middle School
179,*,*,*,*,*,*,*,*,*,*,*,*,*,*,*,*,*,*,*,*,*,*,*,*,*,12,13,*,*,11,22,16,*,*,*,*,*,*,*,*,*,*,*,*,*,*,*,*,*,*,*,*,3,03M256,Junior High-Intermediate-Middle,M.S. 256 Academic & Athletic Excellence
180,*,*,*,*,*,*,*,*,*,*,*,*,*,*,*,*,*,*,*,*,*,10,13,*,*,15,*,7,*,*,*,*,*,*,*,*,*,*,*,*,*,*,*,*,*,*,*,*,*,*,*,*,3,03M258,Junior High-Intermediate-Middle,Community Action School - MS 258
181,*,*,*,*,*,*,*,*,*,*,*,*,*,*,*,*,*,*,*,*,*,*,*,*,*,*,*,*,*,*,*,*,*,*,*,*,*,*,*,*,*,*,*,*,*,*,*,*,*,*,*,*,3,03M291,Secondary School,West End Secondary School
182,*,*,*,*,*,*,*,*,*,*,*,*,*,*,*,*,*,*,*,*,*,*,*,*,*,*,*,*,*,*,*,*,*,26,*,8,*,*,*,*,*,*,*,*,*,7,*,6,*,7,*,*,3,03M299,High school,"High School for Arts, Imagination and Inquiry"
183,*,*,*,*,*,*,*,*,*,*,*,*,*,*,*,*,*,*,*,*,*,*,*,*,*,*,*,*,*,*,*,*,*,16,*,*,*,*,*,*,*,30,*,*,*,15,*,*,*,9,*,7,3,03M307,High school,"Urban Assembly School for Media Studies, The"
184,*,*,*,*,*,*,*,*,*,*,*,*,*,*,*,*,*,*,*,*,*,*,*,*,*,*,9,*,*,*,10,*,*,*,*,*,*,*,*,*,*,*,*,*,*,*,*,*,*,*,*,*,3,03M333,K-8,P.S. 333 Manhattan School for Children
185,*,*,*,*,*,*,*,*,*,*,*,*,*,*,*,*,*,*,*,*,*,*,*,*,*,*,*,*,*,*,*,*,*,*,*,*,*,*,*,*,*,*,*,*,*,*,*,*,*,*,*,*,3,03M334,K-8,The Anderson School
186,*,*,*,*,*,*,*,*,*,*,*,*,*,*,*,*,*,*,*,*,*,*,*,*,*,*,*,*,*,*,*,*,*,50,30,10,*,*,*,*,*,44,20,*,*,15,9,*,*,*,*,*,3,03M402,High school,The Urban Assembly School for Green Careers
187,*,*,*,*,*,*,*,*,*,*,*,*,*,*,*,*,*,*,*,*,*,*,*,*,*,*,*,*,*,*,*,*,*,*,*,*,*,*,*,*,*,*,*,*,*,*,*,*,*,6,*,*,3,03M403,High school,The Global Learning Collaborative
188,*,*,*,*,*,*,*,*,*,*,*,*,*,*,*,*,*,*,*,*,*,*,*,*,*,*,*,*,*,*,*,*,*,*,*,*,*,*,*,*,*,10,*,*,*,*,*,*,*,7,*,*,3,03M404,High school,Innovation Diploma Plus
189,*,*,*,*,*,*,*,*,*,*,*,*,*,*,*,*,*,*,*,*,*,*,*,*,*,6,*,*,*,*,*,*,*,6,*,*,*,*,*,*,*,10,*,*,*,*,*,*,*,*,*,*,3,03M415,Secondary School,Wadleigh Secondary School for the Performing & Vis
190,*,*,*,*,*,*,*,*,*,*,*,*,*,*,*,*,*,*,*,*,*,*,*,*,*,*,*,*,*,*,*,*,*,*,*,*,*,*,*,*,*,*,*,*,*,*,*,*,*,*,*,*,3,03M417,High school,Frank Mccourt High School
191,*,*,*,*,*,*,*,*,*,*,*,*,*,*,*,*,*,*,*,*,*,*,7,*,*,13,12,7,*,*,6,*,*,*,*,*,*,*,*,*,*,*,*,*,*,*,*,*,*,*,*,*,3,03M421,Junior High-Intermediate-Middle,West Prep Academy
192,*,*,*,*,*,*,*,*,*,*,*,*,*,*,*,*,*,*,*,*,*,*,*,*,*,*,*,*,*,*,*,*,*,*,*,*,*,*,*,*,*,*,*,*,*,*,*,*,*,*,*,*,3,03M444,Central-HQ-Citywide,Home Schooling
193,*,*,*,*,*,*,*,*,*,*,*,*,*,*,*,*,*,*,*,*,*,*,*,*,*,*,*,*,*,*,*,*,*,*,*,*,*,*,*,*,*,*,*,*,*,*,*,*,*,*,*,*,3,03M452,Elementary,P.S. 452
194,*,*,*,*,*,*,*,*,*,*,*,*,*,*,*,*,*,*,*,*,*,*,*,*,*,*,*,*,*,*,*,*,*,*,*,*,*,*,*,*,*,*,*,*,*,*,*,*,*,*,*,*,3,03M479,High school,Beacon High School
195,*,*,*,*,*,*,*,*,*,*,*,*,*,*,*,*,*,*,*,*,*,*,*,*,*,*,*,*,*,*,*,*,*,*,*,*,*,*,*,*,*,*,*,*,*,*,*,*,*,*,*,*,3,03M485,High school,Fiorello H. LaGuardia High School of Music & Art a
196,*,*,*,*,*,*,*,*,*,*,*,*,*,*,*,*,*,*,*,*,*,*,*,*,*,*,*,*,*,*,*,*,*,7,*,*,*,*,*,*,*,6,*,*,*,*,*,*,*,*,*,*,3,03M492,High school,"High School for Law, Advocacy and Community Justic"
197,*,*,*,*,*,*,*,*,*,*,*,*,*,*,*,*,*,*,*,*,*,*,*,*,*,*,*,*,*,*,*,*,*,51,*,12,*,*,*,*,*,28,*,10,*,23,*,*,*,12,*,*,3,03M494,High school,High School of Arts and Technology
198,*,*,*,*,*,*,*,*,*,*,*,*,*,*,*,*,*,*,*,*,*,*,*,*,*,*,*,*,*,*,*,*,*,*,*,*,*,*,*,*,*,*,*,*,*,*,*,*,*,*,*,*,3,03M505,High school,Edward A. Reynolds West Side High School
199,*,*,*,*,*,*,*,*,*,*,*,*,*,*,*,*,*,*,*,*,*,*,*,*,*,*,*,*,*,*,*,*,*,*,*,*,*,*,*,*,*,*,*,*,*,*,*,*,*,*,*,*,3,03M541,High school,Manhattan / Hunter Science High School
200,*,*,*,*,*,*,*,*,*,*,*,*,*,*,*,*,*,*,*,*,*,*,*,*,*,*,*,*,*,*,*,*,*,*,*,*,*,*,*,*,*,*,*,*,*,*,*,*,*,*,*,*,3,03M859,K-12 all grades,Special Music School
201,*,*,*,*,*,*,*,*,*,*,*,*,*,*,*,*,*,*,*,*,*,11,*,*,*,*,*,*,*,10,*,*,*,33,*,13,*,*,*,*,*,30,*,12,*,25,*,*,*,10,*,*,3,03M860,Secondary School,Frederick Douglass Academy II Secondary School
202,*,*,*,*,*,*,*,*,*,*,*,*,*,*,*,*,*,*,*,*,*,*,*,*,*,*,*,*,*,*,*,*,*,*,*,*,*,*,*,*,*,*,*,*,*,*,*,*,*,*,*,*,3,03M862,Junior High-Intermediate-Middle,Mott Hall II
203,*,*,*,*,*,*,*,*,*,*,*,*,*,*,*,*,*,*,*,*,*,*,*,*,*,*,*,*,*,*,*,*,*,*,*,*,*,*,*,*,*,*,*,*,*,*,*,*,*,*,*,*,4,04M007,K-8,P.S. 007 Samuel Stern
204,*,*,*,*,*,*,*,*,*,*,*,*,*,*,*,*,*,*,*,*,*,*,*,*,*,*,*,*,*,*,*,*,*,*,*,*,*,*,*,*,*,*,*,*,*,*,*,*,*,*,*,*,4,04M012,K-8,Tag Young Scholars
205,*,*,*,*,*,*,*,*,*,*,*,*,*,*,*,*,*,10,*,*,*,*,*,*,*,*,*,*,*,*,*,*,*,*,*,*,*,*,*,*,*,*,*,*,*,*,*,*,*,*,*,*,4,04M037,Elementary,River East Elementary
206,*,*,*,*,*,6,*,*,*,*,*,*,*,8,*,*,*,12,*,*,*,*,*,*,*,*,*,*,*,*,*,*,*,*,*,*,*,*,*,*,*,*,*,*,*,*,*,*,*,*,*,*,4,04M038,Elementary,P.S. 38 Roberto Clemente
207,*,*,*,*,*,*,*,*,*,*,*,*,*,*,*,*,*,*,*,*,*,*,*,*,*,*,*,*,*,*,*,*,*,*,*,*,*,*,*,*,*,*,*,*,*,*,*,*,*,*,*,*,4,04M050,K-8,P.S. 050 Vito Marcantonio
208,*,*,*,*,*,*,*,*,*,*,*,*,*,*,*,*,*,*,*,*,*,*,*,*,*,*,*,*,*,*,*,*,*,*,*,*,*,*,*,*,*,*,*,*,*,*,*,*,*,*,*,*,4,04M057,K-8,James Weldon Johnson
209,*,*,*,*,*,*,*,*,*,*,*,*,*,*,*,*,*,*,*,*,*,6,*,*,*,*,*,*,*,*,*,*,*,*,*,*,*,*,*,*,*,*,*,*,*,*,*,*,*,*,*,*,4,04M072,K-8,The Lexington Academy
210,*,*,*,*,*,*,*,*,*,*,*,*,*,*,*,*,*,*,*,*,*,*,*,*,*,*,*,*,*,*,*,*,*,*,*,*,*,*,*,*,*,*,*,*,*,*,*,*,*,*,*,*,4,04M083,Elementary,P.S. 083 Luis Munoz Rivera
211,*,*,*,*,*,*,*,*,*,*,*,*,*,*,6,*,*,*,7,*,*,6,*,*,*,12,12,7,*,*,*,*,*,*,*,*,*,*,*,*,*,*,*,*,*,*,*,*,*,*,*,*,4,04M096,K-8,P.S. 096 Joseph Lanzetta
212,*,*,*,*,*,8,7,*,*,*,*,*,*,*,*,*,*,*,*,*,*,*,*,*,*,*,*,*,*,*,*,*,*,*,*,*,*,*,*,*,*,*,*,*,*,*,*,*,*,*,*,*,4,04M102,Elementary,P.S. 102 Jacques Cartier
213,*,*,*,*,*,*,6,*,*,*,*,*,*,*,*,*,*,*,*,*,*,*,6,*,*,*,12,*,*,*,11,*,*,*,*,*,*,*,*,*,*,*,*,*,*,*,*,*,*,*,*,*,4,04M108,K-8,P.S. 108 Assemblyman Angelo Del Toro Educational C
214,*,*,*,*,*,*,*,*,*,*,*,*,*,*,*,*,*,*,*,*,*,*,*,*,*,*,*,*,*,*,*,*,*,*,*,*,*,*,*,*,*,*,*,*,*,*,*,*,*,*,*,*,4,04M112,Early Childhood,P.S. 112 Jose Celso Barbosa
215,*,*,*,*,*,*,*,*,*,*,8,*,*,*,13,*,*,*,*,*,*,*,*,*,*,*,*,*,*,*,*,*,*,*,*,*,*,*,6,*,*,*,*,*,*,*,*,*,*,*,*,*,4,04M146,Elementary,P.S. 146 Ann M. Short
216,*,*,*,*,*,*,*,*,*,*,*,*,*,*,*,*,*,*,*,*,*,*,*,*,*,*,*,*,*,*,*,*,*,*,*,*,*,*,*,*,*,*,*,*,*,*,*,*,*,*,*,*,4,04M155,Elementary,P.S. 155 William Paca
217,*,*,*,*,*,*,*,*,*,*,*,7,*,*,*,*,*,*,*,*,*,*,*,*,*,*,*,*,*,*,*,*,*,*,*,*,*,*,*,*,*,*,*,*,*,*,*,*,*,*,*,*,4,04M171,K-8,P.S. 171 Patrick Henry
218,*,*,*,*,*,*,*,*,*,*,*,*,*,*,8,*,*,*,*,*,*,*,*,*,*,*,*,*,*,*,*,*,*,*,*,*,*,*,*,*,*,*,*,*,*,*,*,*,*,*,*,*,4,04M182,Elementary,The Bilingual Bicultural School
219,*,*,*,*,*,*,*,*,*,*,*,*,*,*,*,*,*,*,11,*,*,*,*,*,*,11,*,*,*,13,6,*,*,*,*,*,*,*,*,*,*,*,*,*,*,*,*,*,*,*,*,*,4,04M206,K-8,P.S. 206 Jose Celso Barbosa
220,*,*,*,*,*,*,*,*,*,*,*,*,*,*,*,*,*,*,*,*,*,7,*,*,*,*,*,*,*,12,*,*,*,*,*,*,*,*,*,*,*,*,*,*,*,*,*,*,*,*,*,*,4,04M224,Junior High-Intermediate-Middle,M.S. 224 Manhattan East School for Arts & Academic
221,*,*,*,*,*,*,*,*,*,*,*,*,*,*,*,*,*,*,*,*,*,*,*,*,*,*,*,*,*,*,*,*,*,*,*,*,*,*,*,*,*,*,*,*,*,*,*,*,*,*,*,*,4,04M372,Secondary School,Esperanza Preparatory Academy
222,*,*,*,*,*,*,*,*,*,*,*,*,*,*,*,*,*,*,*,*,*,*,*,*,*,*,*,*,*,*,*,*,*,*,*,*,*,*,*,*,*,*,*,*,*,*,*,*,*,*,*,*,4,04M375,Elementary,Mosaic Preparatory Academy
223,*,*,*,*,*,*,*,*,*,*,*,*,*,*,*,*,*,*,*,*,*,*,*,*,*,*,*,7,*,9,*,22,*,*,*,*,*,*,*,*,*,*,*,*,*,*,*,*,*,*,*,*,4,04M377,Junior High-Intermediate-Middle,Renaissance School of the Arts
224,*,*,*,*,*,*,*,*,*,*,*,*,*,*,*,*,*,*,*,*,*,*,*,*,*,6,*,*,*,*,*,*,*,*,*,*,*,*,*,*,*,*,*,*,*,*,*,*,*,*,*,*,4,04M381,Junior High-Intermediate-Middle,Global Neighborhood Secondary School
225,*,*,*,*,*,*,*,*,*,*,*,*,*,*,*,*,*,*,*,*,*,*,*,*,*,*,*,*,*,*,*,*,*,*,*,*,*,*,*,*,*,*,*,*,*,*,*,*,*,*,*,*,4,04M406,Junior High-Intermediate-Middle,Global Technology Preparatory
226,*,*,*,*,*,*,*,*,*,*,*,*,*,*,*,*,*,*,*,*,*,*,*,*,*,*,*,*,*,*,*,*,*,23,*,*,*,*,*,*,*,19,*,6,*,10,*,8,*,6,*,*,4,04M409,High school,Coalition School for Social Change
227,*,*,*,*,*,*,*,*,*,*,*,*,*,*,*,*,*,*,*,*,*,*,*,*,*,*,*,*,*,*,*,*,*,7,*,*,*,*,*,*,*,7,*,*,*,*,*,*,*,*,*,*,4,04M435,High school,Manhattan Center for Science and Mathematics
228,*,*,*,*,*,*,*,*,*,*,*,*,*,*,*,*,*,*,*,*,*,*,*,*,*,*,*,*,*,*,*,*,*,*,*,*,*,*,*,*,*,*,*,*,*,*,*,*,*,*,*,*,4,04M444,Central-HQ-Citywide,Home Schooling
229,*,*,*,*,*,*,*,*,*,*,*,*,*,*,*,*,*,*,*,*,*,*,*,*,*,*,*,*,*,*,*,*,*,*,*,*,*,*,*,*,*,*,*,*,*,*,*,*,*,*,*,*,4,04M495,High school,Park East High School
230,*,*,*,*,*,*,*,*,*,*,*,*,*,*,*,*,*,*,*,*,*,*,*,*,*,*,*,*,*,*,*,*,*,*,*,*,*,*,*,*,*,*,*,*,*,*,*,*,*,*,*,*,4,04M497,Elementary,Central Park East I
231,*,*,*,*,*,*,*,*,*,*,*,*,*,*,*,*,*,*,*,*,*,*,*,*,*,*,*,*,*,*,*,*,*,*,*,*,*,*,*,*,*,*,*,*,*,*,*,*,*,*,*,*,4,04M555,High school,Central Park East High School
232,*,*,*,*,*,*,*,*,*,*,*,*,*,*,*,*,*,*,*,*,*,*,*,*,*,*,*,*,*,*,*,*,*,*,*,*,*,*,*,*,*,*,*,*,*,*,*,*,*,*,*,*,4,04M610,Secondary School,Young Women's Leadership School
233,*,*,*,*,*,*,*,*,*,*,*,*,*,*,*,*,*,*,*,*,*,*,*,*,*,*,*,*,*,*,*,*,*,35,*,*,*,*,*,*,*,43,*,*,*,12,*,*,*,*,*,*,4,04M680,High school,"Heritage School, The"
234,*,*,*,*,*,*,*,*,*,*,*,*,*,*,*,*,*,*,*,*,*,12,*,*,*,18,*,*,*,24,11,9,*,*,*,*,*,*,*,*,*,*,*,*,*,*,*,*,*,*,*,*,4,04M825,Junior High-Intermediate-Middle,Isaac Newton Middle School for Math & Science
235,*,*,*,*,*,*,*,*,*,*,*,*,*,*,*,*,*,*,*,*,*,*,*,*,*,*,*,*,*,*,*,*,*,*,*,*,*,*,*,*,*,*,*,*,*,*,*,*,*,*,*,*,4,04M964,K-8,Central Park East II
236,*,*,*,*,*,*,*,*,*,*,*,*,*,*,*,*,*,*,*,*,*,*,*,*,*,*,*,*,*,*,*,*,*,*,*,*,*,*,*,*,*,*,*,*,*,*,*,*,*,*,*,*,5,05M030,Elementary,P.S. 030 Hernandez/Hughes
237,*,*,*,*,*,*,*,*,*,*,*,*,*,*,*,*,*,*,*,*,*,*,*,*,*,*,*,*,*,*,*,*,*,*,*,*,*,*,*,*,*,*,*,*,*,*,*,*,*,*,*,*,5,05M036,Elementary,P.S. 036 Margaret Douglas
238,*,*,*,*,*,*,*,*,*,*,*,*,*,*,*,*,*,*,7,*,*,*,*,*,*,*,*,*,*,*,*,6,*,*,*,*,*,*,*,*,*,*,*,*,*,*,*,*,*,*,*,*,5,05M046,K-8,P.S. 046 Arthur Tappan
239,*,*,*,*,*,*,*,*,*,*,*,*,*,*,*,*,*,*,*,*,*,*,*,*,*,*,*,*,*,*,*,*,*,*,*,*,*,*,*,*,*,*,*,*,*,*,*,*,*,*,*,*,5,05M092,Elementary,P.S. 092 Mary McLeod Bethune
240,*,*,*,*,*,*,*,*,*,*,*,*,*,*,*,*,*,*,*,*,*,*,*,*,*,*,*,*,*,*,*,*,*,*,*,*,*,*,*,*,*,*,*,*,*,*,*,*,*,*,*,*,5,05M123,K-8,P.S. 123 Mahalia Jackson
241,*,*,*,*,*,*,*,*,*,*,*,*,*,*,*,*,*,*,*,*,*,*,*,*,*,*,*,*,*,*,*,*,*,*,*,*,*,*,*,*,*,*,*,*,*,*,*,*,*,*,*,*,5,05M125,Elementary,P.S. 125 Ralph Bunche
242,*,*,*,*,*,*,*,*,*,*,*,*,*,*,*,*,*,*,*,*,*,*,*,*,*,*,*,*,*,*,*,*,*,*,*,*,*,*,*,*,*,*,*,*,*,*,*,*,*,*,*,*,5,05M129,K-8,P.S. 129 John H. Finley
243,*,*,*,*,*,*,*,*,*,*,*,*,*,*,*,*,*,*,*,*,*,*,*,*,*,*,*,*,*,*,*,*,*,*,*,*,*,*,*,*,*,*,*,*,*,*,*,*,*,*,*,*,5,05M133,Elementary,P.S. 133 Fred R Moore
244,*,*,*,*,*,*,*,*,*,*,*,*,*,*,*,*,*,*,*,*,*,*,*,*,*,*,*,*,*,*,*,7,*,*,*,*,*,*,*,*,*,*,*,*,*,*,*,*,*,*,*,*,5,05M148,Secondary School,Eagle Academy for Young Men of Harlem
245,*,*,*,*,*,*,*,*,*,*,*,*,*,*,*,*,*,*,*,*,*,*,*,*,*,*,*,*,*,*,*,*,*,*,*,*,*,*,*,*,*,*,*,*,*,*,*,*,*,*,*,*,5,05M154,Elementary,P.S. 154 Harriet Tubman
246,*,*,*,*,*,*,*,*,*,*,*,*,*,*,*,*,*,*,*,*,*,*,*,*,*,*,*,*,*,*,*,*,*,31,*,*,*,*,*,*,*,17,*,*,*,14,*,*,*,*,*,*,5,05M157,High school,The Urban Assembly School for Global Commerce
247,*,*,*,*,*,*,*,*,*,*,*,*,*,*,*,*,*,*,*,*,*,6,*,*,*,8,*,*,*,10,*,*,*,*,*,*,*,*,*,*,*,*,*,*,*,*,*,*,*,*,*,*,5,05M161,K-8,P.S. 161 Pedro Albizu Campos
248,*,*,*,*,*,*,*,*,*,*,*,*,*,*,*,*,*,*,*,*,*,*,*,*,*,*,*,*,*,*,*,*,*,*,*,*,*,*,*,*,*,*,*,*,*,*,*,*,*,*,*,*,5,05M175,Elementary,P.S. 175 Henry H Garnet
249,*,*,*,*,*,*,*,*,*,*,*,*,*,*,7,*,*,*,10,*,*,*,*,*,*,*,*,*,*,*,*,*,*,*,*,*,*,*,*,*,*,*,*,*,*,*,*,*,*,*,*,*,5,05M194,Elementary,P.S. 194 Countee Cullen
250,*,*,*,*,*,*,*,*,*,*,*,*,*,*,*,*,*,*,*,*,*,*,*,*,*,*,*,*,*,*,*,*,*,*,*,*,*,*,*,*,*,*,*,*,*,*,*,*,*,*,*,*,5,05M197,Elementary,P.S. 197 John B. Russwurm
251,*,*,*,*,*,*,*,*,*,*,*,*,*,*,*,*,*,*,*,*,*,*,*,*,*,*,*,*,*,*,*,*,*,*,*,*,*,*,*,*,*,*,*,*,*,*,*,*,*,*,*,*,5,05M200,Elementary,P.S. 200- The James Mccune Smith School
252,*,*,*,*,*,*,*,*,*,*,*,*,*,*,*,*,*,*,*,*,*,*,*,*,*,*,*,*,*,*,*,*,*,*,*,*,*,*,*,*,*,*,*,*,*,*,*,*,*,*,*,*,5,05M285,High school,Harlem Renaissance High School
253,*,*,*,*,*,*,*,*,*,*,*,*,*,*,*,*,*,*,*,*,*,*,*,*,*,*,*,*,*,*,*,*,*,*,*,*,*,*,*,*,*,*,*,*,*,*,*,*,*,*,*,*,5,05M286,Junior High-Intermediate-Middle,I.S. M286 Renaissance Leadership Academy
254,*,*,*,*,*,*,*,*,*,*,*,*,*,*,*,*,*,*,*,*,*,*,*,*,*,*,*,*,*,*,*,9,*,*,*,*,*,*,*,*,*,*,*,*,*,*,*,*,*,*,*,*,5,05M302,Junior High-Intermediate-Middle,KAPPA IV
255,*,*,*,*,*,*,*,*,*,*,*,*,*,*,*,*,*,*,*,*,*,*,*,*,*,*,*,*,*,*,*,*,*,*,*,13,*,*,*,*,*,*,*,6,*,*,*,*,*,*,*,*,5,05M304,High school,Mott Hall High School
256,*,*,*,*,*,*,*,*,*,*,*,*,*,*,*,*,*,*,*,*,*,*,*,*,*,*,*,*,*,*,*,*,*,*,*,*,*,*,*,*,*,*,*,*,*,*,*,*,*,*,*,*,5,05M318,Elementary,Thurgood Marshall Academy Lower School
257,*,*,*,*,*,*,*,*,*,*,*,*,*,*,*,*,*,*,*,*,*,*,*,*,*,*,*,*,*,*,*,*,*,*,*,*,*,*,*,*,*,*,*,*,*,*,*,*,*,*,*,*,5,05M362,Secondary School,Columbia Secondary School
258,*,*,*,*,*,*,*,*,*,*,*,*,*,*,*,*,*,*,*,*,*,*,*,*,*,*,*,*,*,*,*,*,*,*,*,*,*,*,*,*,*,6,*,*,*,*,*,*,*,*,*,*,5,05M367,High school,Academy for Social Action
259,*,*,*,*,*,*,*,*,*,*,*,*,*,*,*,*,*,*,*,*,*,*,*,*,*,*,*,*,*,*,*,*,*,8,*,*,*,*,*,*,*,9,*,12,*,*,*,*,*,7,*,*,5,05M369,High school,Urban Assembly School for the Performing Arts
260,*,*,*,*,*,*,*,*,*,*,*,*,*,*,*,*,*,*,*,*,*,*,*,*,*,7,*,*,*,*,*,*,*,*,*,*,*,*,*,*,*,*,*,*,*,*,*,*,*,*,*,*,5,05M410,Junior High-Intermediate-Middle,The Urban Assembly Institute for New Technologies
261,*,*,*,*,*,*,*,*,*,*,*,*,*,*,*,*,*,*,*,*,*,*,*,*,*,*,*,*,*,*,*,*,*,*,*,*,*,*,*,*,*,*,*,*,*,*,*,*,*,*,*,*,5,05M444,Central-HQ-Citywide,Home Schooling
262,*,*,*,*,*,*,*,*,*,*,*,*,*,*,*,*,*,*,*,*,*,*,*,*,*,*,*,*,*,*,*,*,*,*,*,*,*,*,*,*,*,*,*,*,*,*,*,*,*,*,*,*,5,05M469,Secondary School,Choir Academy of Harlem
263,*,*,*,*,*,*,*,*,*,*,*,*,*,*,*,*,*,*,*,*,*,*,*,*,*,*,*,*,*,*,*,*,*,*,*,8,*,*,*,*,*,*,*,11,*,*,*,8,*,*,*,*,5,05M499,Secondary School,Frederick Douglass Academy
264,*,*,*,*,*,*,*,*,*,*,*,*,*,*,*,*,*,*,*,*,*,*,*,*,*,*,*,6,*,*,*,*,*,*,*,*,*,*,*,*,*,*,*,*,*,*,*,*,*,*,*,*,5,05M514,Junior High-Intermediate-Middle,New Design Middle School
265,*,*,*,*,*,*,*,*,*,*,*,*,*,*,*,*,*,*,*,*,*,*,*,*,*,*,*,*,*,*,*,*,*,*,*,*,*,*,*,*,*,*,*,*,*,*,*,*,*,*,*,*,5,05M517,Elementary,Teachers College Community School
266,*,*,*,*,*,*,*,*,*,*,*,*,*,*,*,*,*,*,*,*,*,*,*,*,*,8,*,*,*,*,*,*,*,8,*,*,*,*,*,*,*,7,*,*,*,7,*,*,*,18,*,*,5,05M670,Secondary School,Thurgood Marshall Academy for Learning and Social
267,*,*,*,*,*,*,*,*,*,*,*,*,*,*,*,*,*,*,*,*,*,*,*,*,*,*,*,*,*,*,*,*,*,*,*,*,*,*,*,*,*,*,*,*,*,*,*,*,*,*,*,*,5,05M685,High school,Bread & Roses Integrated Arts High School
268,*,*,*,*,*,*,*,*,*,*,*,*,*,*,*,*,*,*,*,*,*,*,*,*,*,*,*,*,*,*,*,*,*,10,*,*,*,*,*,*,*,14,*,*,*,10,*,*,*,7,*,*,5,05M692,High school,"High School for Mathematics, Science and Engineeri"
269,*,*,*,*,*,*,*,*,*,*,*,*,*,*,8,*,*,*,*,*,*,*,*,*,*,*,*,*,*,*,*,*,*,*,*,*,*,*,*,*,*,*,*,*,*,*,*,*,*,*,*,*,6,06M004,Elementary,P.S. 004 Duke Ellington
270,*,*,*,*,*,*,*,*,*,*,*,*,*,*,*,*,*,*,*,*,*,*,*,*,*,*,*,*,*,*,*,*,*,*,*,*,*,*,*,*,*,*,*,*,*,*,*,*,*,*,*,*,6,06M005,Elementary,P.S. 005 Ellen Lurie
271,*,*,*,*,*,*,*,*,*,*,*,6,*,*,6,*,*,*,*,*,*,*,*,*,*,*,*,*,*,*,*,*,*,*,*,*,*,*,*,*,*,*,*,*,*,*,*,*,*,*,*,*,6,06M008,Elementary,P.S. 008 Luis Belliard
272,*,*,*,*,*,*,*,*,*,*,*,*,*,*,*,*,*,*,*,*,*,*,*,*,*,*,*,*,*,*,*,*,*,*,*,*,*,*,*,*,*,*,*,*,*,*,*,*,*,*,*,*,6,06M018,K-8,P.S. 018 Park Terrace
273,*,*,*,*,*,*,*,*,*,*,*,*,*,*,*,*,*,*,*,*,*,*,*,*,*,*,*,*,*,*,*,*,*,*,*,*,*,*,*,*,*,*,*,*,*,*,*,*,*,*,*,*,6,06M028,Elementary,P.S. 028 Wright Brothers
274,*,*,*,*,*,*,*,*,*,*,*,*,*,*,8,*,*,*,18,*,*,*,*,*,*,*,*,*,*,*,*,*,*,*,*,*,*,*,*,*,*,*,*,*,*,*,*,*,*,*,*,*,6,06M048,Elementary,P.S. 048 P.O. Michael J. Buczek
275,*,*,*,*,*,*,*,*,*,*,*,*,*,*,*,*,*,*,*,*,*,*,*,*,*,*,*,*,*,*,*,6,*,*,*,*,*,*,*,*,*,*,*,*,*,*,*,*,*,*,*,*,6,06M052,Junior High-Intermediate-Middle,J.H.S. 052 Inwood
276,*,*,*,*,*,*,17,*,*,*,*,*,*,*,*,*,*,*,*,*,*,*,*,*,*,*,*,*,*,*,*,*,*,*,*,*,*,*,*,*,*,*,*,*,*,*,*,*,*,*,*,*,6,06M098,Elementary,P.S. 098 Shorac Kappock
277,*,*,*,*,*,*,*,*,*,*,*,*,*,*,*,*,*,*,*,*,*,*,*,*,*,*,*,*,*,*,*,*,*,*,*,*,*,*,*,*,*,*,*,*,*,*,*,*,*,*,*,*,6,06M103,Elementary,Dos Puentes Elementary School
278,*,*,*,*,*,*,*,*,*,*,*,*,*,*,*,*,*,*,*,*,*,*,*,*,*,*,*,*,*,*,*,*,*,*,*,*,*,*,*,*,*,*,*,*,*,*,*,*,*,*,*,*,6,06M115,Elementary,P.S. 115 Alexander Humboldt
279,*,*,9,*,*,*,*,*,*,*,9,*,*,*,14,*,*,*,*,*,*,*,*,*,*,*,*,*,*,*,*,*,*,*,*,*,*,*,*,*,*,*,*,*,*,*,*,*,*,*,*,*,6,06M128,Elementary,P.S. 128 Audubon
280,*,*,*,*,*,*,*,*,*,*,8,*,*,*,8,*,*,*,*,*,*,*,*,*,*,*,*,*,*,*,*,*,*,*,*,*,*,*,*,*,*,*,*,*,*,*,*,*,*,*,*,*,6,06M132,Elementary,P.S. 132 Juan Pablo Duarte
281,*,*,*,*,*,*,*,*,*,*,*,*,*,*,*,*,*,*,*,*,*,21,*,*,*,15,*,*,*,19,*,*,*,*,*,*,*,*,*,*,*,*,*,*,*,*,*,*,*,*,*,*,6,06M143,Junior High-Intermediate-Middle,J.H.S. 143 Eleanor Roosevelt
282,*,*,*,*,*,*,*,*,*,*,*,*,*,*,*,*,*,*,*,*,*,*,*,*,*,*,*,*,*,*,*,*,*,*,*,*,*,*,*,*,*,*,*,*,*,*,*,*,*,*,*,*,6,06M152,Elementary,P.S. 152 Dyckman Valley
283,*,*,*,*,*,*,*,*,*,*,*,*,*,*,*,*,*,*,*,*,*,*,*,*,*,*,*,*,*,*,*,*,*,*,*,*,*,*,*,*,*,*,*,*,*,*,*,*,*,*,*,*,6,06M153,Elementary,P.S. 153 Adam Clayton Powell
284,*,*,*,*,*,*,*,*,*,*,*,*,*,*,*,*,*,*,*,*,*,*,*,*,*,*,*,*,*,*,*,*,*,*,*,*,*,*,*,*,*,*,*,*,*,*,*,*,*,*,*,*,6,06M173,Elementary,P.S. 173
285,*,*,*,*,*,*,*,*,*,*,*,*,*,*,*,*,*,*,*,*,*,*,*,*,*,*,*,*,*,*,*,*,*,*,*,*,*,*,*,*,*,*,*,*,*,*,*,*,*,*,*,*,6,06M178,Elementary,Professor Juan Bosch Public School
286,*,*,*,*,*,*,*,*,*,*,*,*,*,*,*,*,*,*,*,*,*,*,*,*,*,*,*,*,*,*,*,*,*,*,*,*,*,*,*,*,*,*,*,*,*,*,*,*,*,*,*,*,6,06M187,K-8,P.S./I.S. 187 Hudson Cliffs
287,*,*,*,*,*,*,*,*,*,*,*,*,*,*,*,*,*,*,*,*,*,*,*,*,*,*,*,*,*,*,*,*,*,*,*,*,*,*,*,*,*,*,*,*,*,*,*,*,*,*,*,*,6,06M192,Elementary,P.S. 192 Jacob H. Schiff
288,*,*,*,*,*,*,*,*,*,*,*,*,*,*,*,*,*,*,*,*,*,*,*,*,*,*,*,*,*,*,*,*,*,*,*,*,*,*,*,*,*,*,*,*,*,*,*,*,*,*,*,*,6,06M209,Junior High-Intermediate-Middle,Hamilton Grange Middle School
289,*,*,*,*,*,*,10,*,*,*,*,*,*,*,*,*,*,*,*,*,*,*,*,*,*,*,*,*,*,*,*,*,*,*,*,*,*,*,*,*,*,*,*,*,*,*,*,*,*,*,*,*,6,06M210,K-8,P.S./I.S. 210 - Twenty-first Century Academy for C
290,*,*,*,*,*,*,*,*,*,*,*,*,*,*,*,*,*,*,*,*,*,*,*,*,*,*,*,*,*,*,*,*,*,*,*,*,*,*,*,*,*,*,*,*,*,*,*,*,*,*,*,*,6,06M211,High school,Inwood Early College for Health and Information Te
291,*,*,*,*,*,*,*,*,*,*,*,*,*,*,*,*,*,*,*,*,*,*,*,*,*,*,*,*,*,*,*,*,*,*,*,*,*,*,*,*,*,*,*,*,*,*,*,*,*,*,*,*,6,06M218,Junior High-Intermediate-Middle,I.S. 218 Salome Urena
292,*,*,*,*,*,*,*,*,*,*,*,*,*,*,*,*,*,*,*,*,*,*,*,*,*,*,*,*,*,*,*,*,*,*,*,*,*,*,*,*,*,*,*,*,*,*,*,*,*,*,*,*,6,06M223,Junior High-Intermediate-Middle,The Mott Hall School
293,*,*,*,*,*,*,*,*,*,*,*,*,*,*,*,*,*,*,*,*,*,*,*,*,*,*,*,*,*,*,*,*,*,*,*,*,*,*,*,*,*,*,*,*,*,*,*,*,*,*,*,*,6,06M278,K-8,Paula Hedbavny School
294,*,*,*,*,*,*,*,*,*,*,*,*,*,*,*,*,*,*,*,*,*,*,*,*,*,*,*,*,*,*,*,*,*,*,*,*,*,*,*,*,*,*,*,*,*,*,*,*,*,*,*,*,6,06M293,Secondary School,City College Academy of the Arts
295,*,*,*,*,*,*,*,*,*,*,*,*,*,*,*,*,*,*,*,*,*,9,*,*,*,*,*,*,*,*,*,*,*,*,*,*,*,*,*,*,*,*,*,*,*,*,*,*,*,*,*,*,6,06M311,K-8,Amistad Dual Language School
296,*,*,*,*,*,*,*,*,*,*,*,*,*,*,*,*,*,*,*,*,*,*,*,*,*,*,*,*,*,*,*,*,*,*,*,*,*,*,*,*,*,*,*,*,*,*,*,*,*,*,*,*,6,06M314,Elementary,Muscota
297,*,*,*,*,*,*,*,*,*,*,*,*,*,*,*,*,*,*,*,*,*,*,*,14,*,*,*,6,*,*,*,6,*,*,*,*,*,*,*,*,*,*,*,*,*,*,*,*,*,*,*,*,6,06M319,Junior High-Intermediate-Middle,M.S. 319 - Maria Teresa
298,*,*,*,*,*,*,*,*,*,*,*,*,*,*,*,*,*,*,*,*,*,10,*,7,*,10,*,7,*,*,*,*,*,*,*,*,*,*,*,*,*,*,*,*,*,*,*,*,*,*,*,*,6,06M322,Junior High-Intermediate-Middle,Middle School 322
299,*,*,*,*,*,*,*,*,*,*,*,*,*,*,*,*,*,*,*,*,*,*,*,*,*,18,*,6,*,6,*,*,*,*,*,*,*,*,*,*,*,*,*,*,*,*,*,*,*,*,*,*,6,06M324,Junior High-Intermediate-Middle,M.S. 324 - Patria Mirabal
300,*,*,*,*,*,*,*,*,*,*,*,*,*,*,*,*,*,*,*,*,*,*,*,*,*,*,*,*,*,*,*,*,*,*,*,*,*,*,*,*,*,*,*,*,*,*,*,*,*,*,*,*,6,06M325,Elementary,P.S. 325
301,*,*,*,*,*,*,*,*,*,*,*,*,*,*,*,*,*,*,*,*,*,*,*,*,*,*,*,*,*,*,*,*,*,*,*,*,*,*,*,*,*,*,*,*,*,*,*,*,*,*,*,*,6,06M326,Junior High-Intermediate-Middle,M.S. 326 - Writers Today & Leaders Tomorrow
302,*,*,*,*,*,*,*,*,*,*,*,*,*,*,*,*,*,*,*,*,*,*,*,*,*,*,*,*,*,*,*,7,*,*,*,*,*,*,*,*,*,*,*,*,*,*,*,*,*,*,*,*,6,06M328,Junior High-Intermediate-Middle,M.S. 328 - Manhattan Middle School for Scientific
303,*,*,*,*,*,*,*,*,*,*,*,*,*,*,*,*,*,*,*,*,*,*,*,*,*,19,*,9,*,18,*,6,*,17,*,6,*,*,*,*,*,9,*,*,*,7,*,*,*,*,*,*,6,06M346,Secondary School,Community Health Academy of the Heights
304,*,*,*,*,*,*,*,*,*,*,*,*,*,*,*,*,*,*,*,*,*,*,*,*,*,*,*,*,*,9,*,*,*,*,*,*,*,*,*,*,*,6,*,*,*,*,*,*,*,11,*,*,6,06M348,K-12 all grades,Washington Heights Expeditionary Learning School
305,*,*,*,*,*,*,*,*,*,*,*,*,*,*,*,*,*,*,*,*,*,*,*,*,*,*,*,*,*,*,*,*,*,*,*,*,*,*,*,*,*,*,*,*,*,*,*,*,*,*,*,*,6,06M349,Junior High-Intermediate-Middle,Harbor Heights
306,*,*,*,*,*,*,*,*,*,*,*,*,*,*,*,*,*,*,*,*,*,*,*,*,*,*,*,*,*,*,*,*,*,*,*,*,*,*,*,*,*,*,*,*,*,*,*,*,*,*,*,*,6,06M366,K-8,Washington Heights Academy
307,*,*,*,*,*,*,*,*,*,*,*,*,*,*,*,*,*,*,*,*,*,*,*,*,*,*,*,*,*,*,*,*,*,*,*,*,*,*,*,*,*,*,*,*,*,*,*,*,*,*,*,*,6,06M368,Elementary,Hamilton Heights School
308,*,*,*,*,*,*,*,*,*,*,*,*,*,*,*,*,*,*,*,*,*,*,*,*,*,*,*,*,*,*,*,*,*,*,*,*,*,*,*,*,*,*,*,*,*,*,*,*,*,*,*,*,6,06M423,High school,High School for Excellence and Innovation
309,*,*,*,*,*,*,*,*,*,*,*,*,*,*,*,*,*,*,*,*,*,*,*,*,*,*,*,*,*,*,*,*,*,*,*,*,*,*,*,*,*,*,*,*,*,*,*,*,*,*,*,*,6,06M444,Central-HQ-Citywide,Home Schooling
310,*,*,*,*,*,*,*,*,*,*,*,*,*,*,*,*,*,*,*,*,*,*,*,*,*,*,*,*,*,*,*,*,*,*,*,*,*,*,*,*,*,*,*,*,*,*,*,*,*,*,*,*,6,06M457,High school,George Washington Yabc
311,*,*,*,*,*,*,*,*,*,*,*,*,*,*,*,*,*,*,*,*,*,*,*,*,*,*,*,*,*,*,*,*,*,*,*,*,*,*,*,*,*,7,*,*,*,6,*,*,*,9,*,*,6,06M462,High school,The College Academy
312,*,*,*,*,*,*,*,*,*,*,*,*,*,*,*,*,*,*,*,*,*,*,*,*,*,*,*,*,*,*,*,*,*,*,*,*,*,*,*,*,*,*,*,*,*,*,*,*,*,*,*,*,6,06M463,High school,High School for Media and Communications
313,*,*,*,*,*,*,*,*,*,*,*,*,*,*,*,*,*,*,*,*,*,*,*,*,*,*,*,*,*,*,*,*,*,23,*,*,*,*,*,*,*,9,*,*,*,*,*,*,*,8,*,*,6,06M467,High school,High School for Law and Public Service
314,*,*,*,*,*,*,*,*,*,*,*,*,*,*,*,*,*,*,*,*,*,*,*,*,*,*,*,*,*,*,*,*,*,11,*,*,*,*,*,*,*,6,*,*,*,*,*,*,*,*,*,*,6,06M468,High school,High School for Health Careers and Sciences
315,*,*,*,*,*,*,*,*,*,*,*,*,*,*,*,*,*,*,*,*,*,*,*,*,*,*,*,*,*,*,*,*,*,*,*,*,*,*,*,*,*,*,*,*,*,*,*,*,*,*,*,*,6,06M513,Elementary,Castle Bridge School
316,*,*,*,*,*,*,*,*,*,*,*,*,*,*,*,*,*,*,*,*,*,*,*,*,*,*,*,7,*,*,*,*,*,*,*,*,*,*,*,*,*,*,*,*,*,*,*,*,*,*,*,*,6,06M528,Junior High-Intermediate-Middle,I.S. 528 Bea Fuller Rodgers School
317,*,*,*,*,*,*,*,*,*,*,*,*,*,*,*,*,*,*,*,*,*,*,*,*,*,*,*,*,*,*,*,*,*,15,17,18,*,*,*,*,*,8,*,11,*,*,*,*,*,7,*,14,6,06M540,High school,A. Philip Randolph Campus High School
318,*,*,*,*,*,*,*,*,*,*,*,*,*,*,*,*,*,*,*,*,*,*,*,*,*,*,*,*,*,*,*,*,*,*,*,*,*,*,*,*,*,*,*,*,*,*,*,*,*,*,*,*,6,06M552,High school,Gregorio Luperon High School for Science and Mathe
319,*,*,*,*,*,*,*,*,*,*,*,*,*,*,*,*,*,*,*,*,*,*,*,*,*,*,*,*,*,*,*,*,*,*,*,*,*,*,*,*,*,*,*,*,*,*,*,*,*,*,*,*,7,07X001,Elementary,P.S. 001 Courtlandt School
320,*,*,*,*,*,*,*,*,*,*,*,*,*,*,*,*,*,*,*,*,*,*,*,*,*,*,*,*,*,*,*,*,*,*,*,*,*,*,*,*,*,*,*,*,*,*,*,*,*,*,*,*,7,07X005,K-8,P.S. 5 Port Morris
321,*,*,*,*,*,*,*,*,*,*,*,*,*,*,*,*,*,*,*,*,*,*,*,*,*,*,*,*,*,*,*,*,*,*,*,*,*,*,*,*,*,*,*,*,*,*,*,*,*,*,*,*,7,07X018,Elementary,P.S. 018 John Peter Zenger
322,*,*,*,*,*,*,*,*,*,*,*,*,*,*,*,*,*,*,*,*,*,*,*,*,*,*,*,*,*,*,*,*,*,*,*,*,*,*,*,*,*,*,*,*,*,*,*,*,*,*,*,*,7,07X025,Elementary,P.S. 025 Bilingual School
323,*,*,*,*,*,*,*,*,*,*,*,*,*,*,*,*,*,*,*,*,*,*,10,*,*,7,30,6,*,7,8,8,*,*,*,*,*,*,*,*,*,*,*,*,*,*,*,*,*,*,*,*,7,07X029,K-8,P.S./M.S. 029 Melrose School
324,*,*,*,*,*,*,*,*,*,*,*,*,*,*,*,*,*,15,*,*,*,*,*,*,*,*,*,*,*,*,*,*,*,*,*,*,*,*,*,*,*,*,*,*,*,*,*,*,*,*,*,*,7,07X030,Elementary,P.S. 030 Wilton
325,*,*,*,*,*,*,*,*,*,*,*,*,*,*,*,*,*,*,*,*,*,*,*,*,*,*,*,*,*,*,*,*,*,*,*,*,*,*,*,*,*,*,*,*,*,*,*,*,*,*,*,*,7,07X031,K-8,P.S./M.S. 031 The William Lloyd Garrison
326,*,*,7,*,*,*,*,*,*,*,*,*,*,*,7,*,*,*,*,*,*,*,*,*,*,*,*,*,*,*,*,*,*,*,*,*,*,*,*,*,*,*,*,*,*,*,*,*,*,*,*,*,7,07X043,Elementary,P.S. 043 Jonas Bronck
327,*,*,*,*,*,*,*,*,*,*,*,*,*,6,*,*,*,*,6,*,*,*,*,*,*,*,*,*,*,*,*,*,*,*,*,*,*,*,*,*,*,*,*,*,*,*,*,*,*,*,*,*,7,07X049,Elementary,P.S. 049 Willis Avenue
328,*,*,*,*,*,*,*,*,*,*,*,*,*,*,*,*,*,*,6,*,*,*,*,*,*,*,*,*,*,*,*,*,*,*,*,*,*,*,*,*,*,*,*,*,*,*,*,*,*,*,*,*,7,07X065,Elementary,P.S. 065 Mother Hale Academy
329,*,*,*,*,*,*,*,*,*,*,*,*,*,*,*,*,*,*,*,*,*,*,*,*,*,*,*,*,*,*,*,*,*,*,*,*,*,*,*,*,*,*,*,*,*,*,*,*,*,*,*,*,7,07X151,Junior High-Intermediate-Middle,J.H.S. 151 Lou Gehrig
330,*,*,*,*,*,*,*,*,*,*,*,*,*,*,*,*,*,*,*,*,*,*,*,*,*,*,*,*,*,*,*,*,*,*,*,*,*,*,*,*,*,*,*,*,*,*,*,*,*,*,*,*,7,07X154,Elementary,P.S. 154 Jonathan D. Hyatt
331,*,*,*,*,*,*,*,*,*,*,*,*,*,*,*,*,*,*,*,*,*,*,*,*,*,*,*,*,*,*,*,*,*,*,*,*,*,*,*,*,*,*,*,*,*,*,*,*,*,*,*,*,7,07X157,Elementary,P.S. 157 Grove Hill
332,*,*,*,*,*,*,*,*,*,*,*,*,*,*,*,*,*,*,*,*,*,*,*,*,*,*,*,*,*,*,*,*,*,*,*,*,*,*,*,*,*,*,*,*,*,*,*,*,*,*,*,*,7,07X161,Elementary,P.S. 161 Juan Ponce De Leon School
333,*,*,*,*,*,*,*,*,*,*,*,*,*,*,*,*,*,*,*,*,*,*,*,*,*,7,*,6,*,*,*,*,*,*,*,*,*,*,*,*,*,*,*,*,*,*,*,*,*,*,*,*,7,07X162,Junior High-Intermediate-Middle,J.H.S. 162 Lola Rodriguez De Tio
334,*,*,*,*,*,*,*,*,*,*,*,*,*,*,*,*,*,*,*,*,*,*,*,*,*,*,*,*,*,*,*,*,*,*,*,*,*,*,*,*,*,*,*,*,*,*,*,*,*,*,*,*,7,07X179,Elementary,P.S. 179
335,*,*,*,*,*,*,*,*,*,*,*,*,*,*,*,*,*,*,*,*,*,*,*,*,*,*,*,*,*,*,*,*,*,*,*,*,*,*,*,*,*,*,*,*,*,*,*,*,*,8,*,*,7,07X221,Secondary School,South Bronx Preparatory: A College Board School
336,*,*,*,*,*,*,*,*,*,*,*,*,*,*,*,*,*,*,*,*,*,*,*,*,*,*,*,*,*,*,*,*,*,*,*,*,*,*,*,*,*,*,*,*,*,*,*,*,*,*,*,*,7,07X223,Secondary School,M.S. 223 The Laboratory School of Finance and Tech
337,*,*,*,*,*,*,*,*,*,*,*,*,*,*,*,*,*,*,*,*,*,*,*,*,*,*,*,*,*,8,*,9,*,*,*,*,*,*,*,*,*,*,*,*,*,*,*,*,*,*,*,*,7,07X224,Junior High-Intermediate-Middle,P.S./I.S. 224
338,*,*,*,*,*,*,*,*,*,*,*,*,*,*,*,*,*,*,*,*,*,*,*,*,*,*,*,*,*,*,*,*,*,22,*,*,*,*,*,*,*,22,*,7,*,23,*,*,*,*,*,*,7,07X259,High school,"H.E.R.O. High (Health, Education, and Research Occ"
339,*,*,*,*,*,*,*,*,*,*,7,*,*,*,*,*,*,*,*,*,*,*,*,*,*,*,*,*,*,*,*,*,*,*,*,*,*,*,*,*,*,*,*,*,*,*,*,*,*,*,*,*,7,07X277,Elementary,P.S. 277
340,*,*,*,*,*,*,*,*,*,*,*,*,*,*,*,*,*,*,*,*,*,14,*,*,*,14,*,8,*,29,*,14,*,*,*,*,*,*,*,*,*,*,*,*,*,*,*,*,*,*,*,*,7,07X296,Junior High-Intermediate-Middle,South Bronx Academy for Applied Media
341,*,*,*,*,*,*,*,*,*,*,*,*,*,*,*,*,*,*,*,*,*,22,15,*,*,27,10,*,*,27,*,6,*,*,*,*,*,*,*,*,*,*,*,*,*,*,*,*,*,*,*,*,7,07X298,Junior High-Intermediate-Middle,Academy of Public Relations
342,*,*,*,*,*,*,*,*,*,*,*,*,*,*,*,*,*,*,*,*,*,*,*,*,*,*,*,*,*,*,*,*,*,*,*,*,*,*,*,*,*,6,*,*,*,*,*,*,*,*,*,*,7,07X321,High school,Crotona Academy High School
343,*,*,*,*,*,*,*,*,*,*,*,*,*,*,*,*,*,*,*,*,*,*,*,*,*,*,*,*,*,*,*,*,*,*,*,*,*,*,*,*,*,7,*,*,*,*,*,*,*,*,*,*,7,07X334,High school,International Community High School
344,*,*,*,*,*,*,*,*,*,*,*,*,*,*,*,*,*,*,*,*,*,9,14,*,*,8,9,*,*,8,15,*,*,*,*,*,*,*,*,*,*,*,*,*,*,*,*,*,*,*,*,*,7,07X343,Junior High-Intermediate-Middle,Academy of Applied Mathematics and Technology
345,*,*,*,*,*,*,*,*,*,*,*,*,*,*,*,*,*,*,*,*,*,*,*,*,*,*,*,*,*,*,*,*,*,*,*,*,*,*,*,*,*,*,*,*,*,*,*,*,*,*,*,*,7,07X359,Elementary,Concourse Village Elementary School
346,*,*,6,*,*,*,*,*,*,*,*,*,*,*,*,*,*,*,13,*,*,*,*,*,*,*,*,*,*,*,*,*,*,*,*,*,*,*,*,*,*,*,*,*,*,*,*,*,*,*,*,*,7,07X369,Elementary,Young Leaders Elementary School
347,*,*,*,*,*,*,*,*,*,*,*,*,*,*,*,*,*,*,*,*,*,*,*,*,*,*,*,*,*,*,*,*,*,*,*,*,*,*,*,*,*,*,*,*,*,*,*,*,*,*,*,*,7,07X379,High school,Jill Chaifetz Transfer High School
348,*,*,*,*,*,*,*,*,*,*,*,*,*,*,*,*,*,*,*,*,*,*,*,*,*,*,*,*,*,*,*,*,*,*,*,*,*,*,*,*,*,*,*,*,*,*,*,*,*,*,*,*,7,07X381,High school,Bronx Haven High School
349,*,*,*,*,*,*,*,*,*,*,*,*,*,*,*,*,*,*,*,*,*,*,*,*,*,*,*,*,*,*,*,*,*,*,*,*,*,*,*,*,*,*,*,*,*,*,*,*,*,*,*,*,7,07X385,Elementary,Performance School
350,*,*,*,*,*,*,*,*,*,*,*,*,*,*,*,*,*,*,*,*,*,*,*,*,*,*,*,*,*,*,*,*,*,15,*,*,*,*,*,*,*,8,*,*,*,10,*,*,*,*,*,*,7,07X427,High school,Community School for Social Justice
351,*,*,*,*,*,*,*,*,*,*,*,*,*,*,*,*,*,*,*,*,*,*,*,*,*,*,*,*,*,*,*,*,*,*,*,*,*,*,*,*,*,*,*,*,*,*,*,*,*,*,*,*,7,07X444,Central-HQ-Citywide,Home Schooling
352,*,*,*,*,*,*,*,*,*,*,*,*,*,*,*,*,*,*,*,*,*,*,*,*,*,*,*,*,*,*,*,*,*,*,*,*,*,*,*,*,*,*,*,*,*,*,*,*,*,*,*,*,7,07X456,High school,Alfred E. Smith Campus YABC
353,*,*,*,*,*,*,*,*,*,*,*,*,*,*,*,*,*,*,*,*,*,*,*,*,*,*,*,*,*,*,*,*,*,50,8,7,*,*,*,*,*,20,6,8,*,*,*,*,*,7,*,*,7,07X473,High school,Mott Haven Village Preparatory High School
354,*,*,*,*,*,*,*,*,*,*,*,*,*,*,*,*,*,*,*,*,*,*,*,*,*,*,*,*,*,*,*,*,*,15,*,*,*,*,*,*,*,*,*,6,*,*,*,*,*,7,*,*,7,07X495,High school,University Heights Secondary School
355,*,*,*,*,*,*,*,*,*,*,*,*,*,*,*,*,*,*,*,*,*,*,*,*,*,*,*,*,*,*,*,*,*,*,*,*,*,*,*,*,*,*,*,*,*,*,*,*,*,*,*,*,7,07X500,Secondary School,Hostos-Lincoln Academy of Science
356,*,*,*,*,*,*,*,*,*,*,*,*,*,*,*,*,*,*,*,*,*,*,*,*,*,*,*,*,*,*,*,*,*,7,*,*,*,*,*,*,*,6,*,*,*,*,*,*,*,*,*,*,7,07X520,High school,Foreign Language Academy of Global Studies
357,*,*,*,*,*,*,*,*,*,*,*,*,*,*,*,*,*,*,*,*,*,*,*,*,*,*,*,*,*,*,*,*,*,7,*,9,*,*,*,*,*,11,*,7,*,*,*,*,*,*,*,*,7,07X522,High school,Bronx Design and Construction Academy
358,*,*,*,*,*,*,*,*,*,*,*,*,*,*,*,*,*,*,*,*,*,*,*,*,*,*,*,*,*,*,*,*,*,17,*,*,*,*,*,*,*,16,*,*,*,11,*,*,*,*,*,*,7,07X527,High school,Bronx Leadership Academy II High School
359,*,*,*,*,*,*,*,*,*,*,*,*,*,*,*,*,*,*,*,*,*,*,*,*,*,*,*,*,*,*,*,*,*,*,*,*,*,*,*,*,*,*,*,*,*,*,*,*,*,*,*,*,7,07X533,District Pre-K Center,Learning through Play Pre-K Center
360,*,*,*,*,*,*,*,*,*,*,*,*,*,*,*,*,*,*,*,*,*,*,*,*,*,*,*,*,*,*,*,*,*,20,*,14,*,*,*,*,*,12,*,11,*,*,*,*,*,*,*,*,7,07X547,High school,New Explorers High School
361,*,*,*,*,*,*,*,*,*,*,*,*,*,*,*,*,*,*,*,*,*,*,*,*,*,*,*,*,*,*,*,*,*,*,*,11,*,*,*,*,*,*,*,9,*,*,*,8,*,*,*,*,7,07X548,High school,Urban Assembly School for Careers in Sports
362,*,*,*,*,*,*,*,*,*,*,*,*,*,*,*,*,*,*,*,*,*,*,8,6,*,*,19,9,*,11,15,*,*,9,*,*,*,*,*,*,*,6,*,*,*,6,*,*,*,*,*,*,7,07X551,Secondary School,The Urban Assembly Bronx Academy of Letters
363,*,*,*,*,*,*,*,*,*,*,*,*,*,*,*,*,*,*,*,*,*,*,*,*,*,*,*,*,*,*,*,*,*,*,*,*,*,*,*,*,*,*,*,*,*,*,*,*,*,*,*,*,7,07X557,High school,Mott Haven Community High School
364,*,*,*,*,*,*,*,*,*,*,*,*,*,*,*,*,*,*,*,*,*,*,*,*,*,*,*,*,*,*,*,*,*,26,*,7,*,*,*,*,*,8,*,11,*,9,*,*,*,12,*,6,7,07X600,High school,Alfred E. Smith Career and Technical Education Hig
365,*,*,*,*,*,*,*,*,*,*,*,*,*,*,*,*,*,*,*,*,*,*,*,*,*,*,*,*,*,*,*,*,*,20,10,13,*,*,*,*,*,7,*,6,*,7,*,*,*,*,*,*,7,07X670,High school,Health Opportunities High School
366,*,*,*,*,*,*,*,*,*,*,*,*,*,*,*,*,*,*,*,*,*,*,*,*,*,*,*,*,*,*,*,*,*,*,*,*,*,*,*,*,*,*,*,*,*,*,*,*,*,*,*,*,8,08X014,Elementary,P.S. X014 Senator John Calandra
367,*,*,*,*,*,*,*,*,*,*,*,*,*,*,*,*,*,*,*,*,*,*,*,*,*,*,*,*,*,*,*,*,*,*,*,*,*,*,*,*,*,*,*,*,*,*,*,*,*,*,*,*,8,08X036,Elementary,P.S. 036 Unionport
368,*,*,*,*,*,*,*,*,*,*,*,*,*,*,*,*,*,*,*,*,*,*,*,*,*,*,*,*,*,*,*,*,*,*,*,*,*,*,*,*,*,*,*,*,*,*,*,*,*,*,*,*,8,08X048,Elementary,P.S. 048 Joseph R. Drake
369,*,*,*,*,*,*,*,*,*,*,*,*,*,*,*,*,*,*,*,*,*,*,*,*,*,*,*,*,*,*,*,*,*,*,*,*,*,*,*,*,*,*,*,*,*,*,*,*,*,*,*,*,8,08X062,Elementary,P.S. 062 Inocensio Casanova
370,*,*,*,*,*,*,*,*,*,*,*,*,*,*,*,*,*,*,*,*,*,*,*,*,*,*,*,*,*,*,*,*,*,*,*,*,*,*,*,*,*,*,*,*,*,*,*,*,*,*,*,*,8,08X069,Elementary,P.S. 069 Journey Prep School
371,*,*,*,*,*,*,*,*,*,*,*,*,*,*,6,*,*,*,6,*,*,*,*,*,*,*,*,*,*,*,*,*,*,*,*,*,*,*,*,*,*,*,*,*,*,*,*,*,*,*,*,*,8,08X071,K-8,P.S. 071 Rose E. Scala
372,*,*,*,*,*,*,*,*,*,*,*,*,*,*,*,*,*,*,12,*,*,*,*,*,*,*,*,*,*,*,*,*,*,*,*,*,*,*,*,*,*,*,*,*,*,*,*,*,*,*,*,*,8,08X072,Elementary,P.S. 072 Dr. William Dorney
373,*,*,*,*,*,*,*,*,*,*,*,*,*,*,*,*,*,*,*,*,*,*,*,*,*,*,*,*,*,*,*,*,*,*,*,*,*,*,*,*,*,*,*,*,*,*,*,*,*,*,*,*,8,08X075,Elementary,P.S. 75 School of Research and Discovery
374,*,*,*,*,*,*,*,*,*,*,*,*,*,*,*,*,*,*,*,*,*,*,*,*,*,*,*,*,*,*,*,*,*,*,*,*,*,*,*,*,*,*,*,*,*,*,*,*,*,*,*,*,8,08X093,Elementary,P.S. 093 Albert G. Oliver
375,*,*,*,*,*,*,*,*,*,*,*,*,*,*,*,*,*,*,*,*,*,*,*,*,*,*,*,*,*,*,*,*,*,*,*,*,*,*,*,*,*,*,*,*,*,*,*,*,*,*,*,*,8,08X100,Elementary,P.S. 100 Isaac Clason
376,*,*,*,*,*,*,*,*,*,*,*,*,*,*,*,*,*,*,*,*,*,*,*,*,*,*,*,*,*,*,*,*,*,*,*,*,*,*,*,*,*,*,*,*,*,*,*,*,*,*,*,*,8,08X101,Junior High-Intermediate-Middle,M.S. X101 Edward R. Byrne
377,*,*,*,*,*,*,*,*,*,*,*,*,*,*,*,*,*,*,*,*,*,*,*,*,*,*,*,*,*,*,*,*,*,*,*,*,*,*,*,*,*,*,*,*,*,*,*,*,*,*,*,*,8,08X107,Elementary,P.S. 107
378,*,*,*,*,*,*,*,*,*,*,*,*,*,*,*,*,*,*,*,*,*,*,*,*,*,*,*,*,*,*,*,*,*,*,*,*,*,*,*,*,*,*,*,*,*,*,*,*,*,*,*,*,8,08X119,Elementary,P.S. 119
379,*,*,*,*,*,*,*,*,*,*,*,*,*,*,*,*,*,*,*,*,*,*,*,13,*,*,*,9,*,*,*,17,*,*,*,*,*,*,*,*,*,*,*,*,*,*,*,*,*,*,*,*,8,08X123,Junior High-Intermediate-Middle,J.H.S. 123 James M. Kieran
380,*,*,*,*,*,*,*,*,*,*,*,*,*,*,*,*,*,*,*,*,*,*,*,*,*,*,*,*,*,*,*,6,*,*,*,*,*,*,*,*,*,*,*,*,*,*,*,*,*,*,*,*,8,08X125,Junior High-Intermediate-Middle,J.H.S. 125 Henry Hudson
381,*,*,*,*,*,*,*,*,*,*,*,*,*,*,*,*,*,*,*,*,*,*,*,*,*,*,*,*,*,*,*,*,*,*,*,*,*,*,*,*,*,*,*,*,*,*,*,*,*,*,*,*,8,08X130,Elementary,P.S. 130 Abram Stevens Hewitt
382,*,*,*,*,*,*,*,*,*,*,*,*,*,*,*,*,*,*,*,*,*,*,*,*,*,*,*,9,*,6,*,9,*,*,*,*,*,*,*,*,*,*,*,*,*,*,*,*,*,*,*,*,8,08X131,Junior High-Intermediate-Middle,J.H.S. 131 Albert Einstein
383,*,*,*,*,*,*,*,*,*,*,*,*,*,*,*,*,*,*,*,*,*,*,*,*,*,*,*,*,*,*,*,*,*,*,*,*,*,*,*,*,*,*,*,*,*,*,*,*,*,*,*,*,8,08X138,Elementary,P.S. 138 Samuel Randall
384,*,*,*,*,*,*,*,*,*,*,*,*,*,*,*,*,*,*,*,*,*,*,*,*,*,*,*,*,*,*,*,*,*,*,*,*,*,*,*,*,*,*,*,*,*,*,*,*,*,*,*,*,8,08X140,Elementary,P.S. X140 The Eagle School
385,*,*,*,*,*,*,*,*,*,*,*,*,*,*,*,*,*,*,*,*,*,*,*,*,*,*,*,*,*,*,*,*,*,*,*,*,*,*,*,*,*,*,*,*,*,*,*,*,*,*,*,*,8,08X146,Elementary,P.S. 146 Edward Collins
386,*,*,*,*,*,*,*,*,*,*,*,*,*,*,*,*,*,*,*,*,*,*,*,*,*,*,*,*,*,*,*,*,*,*,*,*,*,*,*,*,*,*,*,*,*,*,*,*,*,*,*,*,8,08X152,Elementary,P.S. 152 Evergreen
387,*,*,*,*,*,*,*,*,*,*,*,*,*,*,*,*,*,*,*,6,*,*,*,*,*,*,*,*,*,*,*,*,*,*,*,*,*,*,*,*,*,*,*,*,*,*,*,*,*,*,*,*,8,08X182,Elementary,P.S. 182
388,*,*,*,*,*,*,*,*,*,*,*,*,*,*,*,*,*,*,*,*,*,6,*,*,*,*,*,*,*,12,*,10,*,12,*,*,*,*,*,*,*,*,*,*,*,*,*,*,*,*,*,*,8,08X269,Secondary School,Bronx Studio School for Writers and Artists
389,*,*,*,*,*,*,*,*,*,*,*,*,*,*,*,*,*,*,*,*,*,*,*,*,*,*,*,*,*,*,*,*,*,*,*,13,*,*,*,*,*,*,*,10,*,*,*,9,*,*,*,*,8,08X282,High school,Women's Academy of Excellence
390,*,*,*,*,*,*,*,*,*,*,*,*,*,*,*,*,*,*,*,*,*,*,*,*,*,*,*,*,*,*,*,*,*,29,*,7,*,*,*,*,*,19,*,*,*,11,*,*,*,*,*,*,8,08X293,High school,Renaissance High School for Musical Theater & Tech
391,*,*,*,*,*,*,*,*,*,*,*,*,*,*,*,*,*,*,*,*,*,*,*,*,*,*,*,10,*,*,*,11,*,*,*,*,*,*,*,*,*,*,*,*,*,*,*,*,*,*,*,*,8,08X301,Junior High-Intermediate-Middle,M.S. 301 Paul L. Dunbar
392,*,*,*,*,*,*,*,*,*,*,*,*,*,*,*,*,*,*,*,*,*,*,*,*,*,*,6,7,*,8,*,16,*,*,*,*,*,*,*,*,*,*,*,*,*,*,*,*,*,*,*,*,8,08X302,Junior High-Intermediate-Middle,M.S. 302 Luisa Dessus Cruz
393,*,*,*,*,*,*,*,*,*,*,*,*,*,*,*,*,*,*,*,*,*,*,*,*,*,*,*,*,*,*,*,*,*,*,*,*,*,*,*,*,*,*,*,*,*,*,*,*,*,*,*,*,8,08X304,Elementary,P.S. 304 Early Childhood School
394,*,*,*,*,*,*,*,*,*,*,*,*,*,*,*,*,*,*,*,*,*,*,*,*,*,*,*,*,*,*,*,*,*,34,*,*,*,*,*,*,*,49,*,*,*,29,*,*,*,34,*,*,8,08X305,High school,Pablo Neruda Academy
395,*,*,*,*,*,*,*,*,*,*,*,*,*,*,*,*,*,*,*,*,*,*,*,*,*,*,*,*,*,*,*,*,*,6,*,*,*,*,*,*,*,9,*,*,*,14,*,*,*,*,*,*,8,08X312,High school,Millennium Art Academy
396,*,*,*,*,*,*,*,*,*,*,*,*,*,*,*,*,*,*,*,*,*,*,*,*,*,*,*,*,*,*,*,*,*,46,*,6,*,*,*,*,*,31,*,*,*,7,*,*,*,*,*,*,8,08X320,High school,Pelham Lab High School
397,*,*,*,*,*,*,*,*,*,*,*,*,*,*,*,*,*,*,*,*,*,*,*,*,*,*,*,*,*,*,*,*,*,*,*,*,*,*,*,*,*,*,*,*,*,*,*,*,*,*,*,*,8,08X332,High school,Holcombe L. Rucker School of Community Research
398,*,*,*,*,*,*,*,*,*,*,*,*,*,*,*,*,*,8,*,*,*,*,*,*,*,*,*,*,*,*,*,*,*,*,*,*,*,*,*,*,*,*,*,*,*,*,*,*,*,*,*,*,8,08X333,Elementary,P.S. 333 - The Museum School
399,*,*,*,*,*,*,*,*,*,*,*,*,*,*,*,*,*,*,*,*,*,*,*,*,*,*,*,*,*,*,*,*,*,*,*,*,*,*,*,*,*,*,*,*,*,*,*,*,*,*,*,*,8,08X335,Elementary,The Academy of the Arts
400,*,*,*,*,*,*,*,*,*,*,*,*,*,*,*,*,*,*,*,*,*,7,13,*,*,14,19,8,*,12,19,6,*,*,*,*,*,*,*,*,*,*,*,*,*,*,*,*,*,*,*,*,8,08X337,Junior High-Intermediate-Middle,The School for Inquiry and Social Justice
401,*,*,*,*,*,*,*,*,*,*,*,*,*,*,*,*,*,*,*,*,*,*,*,*,*,*,*,*,*,*,*,*,*,*,*,*,*,*,*,*,*,*,*,*,*,*,*,*,*,*,*,*,8,08X348,High school,Schuylerville Preparatory High School
402,*,*,*,*,*,*,*,*,*,*,*,*,*,*,*,*,*,*,*,*,*,*,*,*,*,*,*,*,*,*,*,*,*,29,38,*,*,*,*,*,*,19,32,*,*,12,*,*,*,*,*,*,8,08X349,High school,Bronx River High School
403,*,*,*,*,*,*,*,*,*,*,*,*,*,*,*,*,*,*,*,*,*,*,*,*,*,*,*,*,*,7,*,*,*,*,*,*,*,*,*,*,*,*,*,*,*,*,*,*,*,*,*,*,8,08X366,Junior High-Intermediate-Middle,Urban Assembly Academy of Civic Engagement
404,*,*,*,*,*,*,*,*,*,*,*,*,*,*,*,*,*,*,*,*,*,*,*,*,*,*,*,*,*,7,*,*,*,51,*,8,*,*,*,*,*,12,6,*,*,10,*,*,*,*,*,*,8,08X367,High school,"Archimedes Academy for Math, Science and Technolog"
405,*,*,*,*,*,*,*,*,*,*,*,*,*,*,*,*,*,*,*,*,*,*,*,*,*,10,*,*,*,*,*,*,*,*,*,*,*,*,*,*,*,*,*,*,*,*,*,*,*,*,*,*,8,08X371,Junior High-Intermediate-Middle,Urban Institute of Mathematics
406,*,*,*,*,*,*,*,*,*,*,*,*,*,*,*,*,*,*,*,*,*,*,*,*,*,6,*,*,*,10,10,7,*,*,*,*,*,*,*,*,*,*,*,*,*,*,*,*,*,*,*,*,8,08X375,Junior High-Intermediate-Middle,The Bronx Mathematics Preparatory School
407,*,*,*,*,*,*,*,*,*,*,*,*,*,*,*,*,*,*,*,*,*,*,*,*,*,11,*,*,*,*,*,*,*,34,*,*,*,*,*,*,*,6,*,*,*,*,*,*,*,*,*,*,8,08X376,Secondary School,Antonia Pantoja Preparatory Academy: A College Boa
408,*,*,*,*,*,*,*,*,*,*,*,*,*,*,*,*,*,*,*,*,*,*,*,*,*,*,*,*,*,*,*,*,*,*,*,*,*,*,*,*,*,*,*,*,*,8,*,*,*,*,*,8,8,08X377,High school,Bronx Community High School
409,*,*,*,*,*,*,*,*,*,*,*,*,*,*,*,*,*,*,*,*,*,*,*,*,*,*,*,*,*,*,*,*,*,*,*,*,*,*,*,*,*,*,*,*,*,*,*,*,*,*,*,*,8,08X392,Elementary,Bronx Delta School
410,*,*,*,*,*,*,*,*,*,*,*,*,*,*,*,*,*,*,*,*,*,*,*,*,*,*,*,*,*,*,*,*,*,42,*,19,*,*,*,*,*,18,*,14,*,8,*,*,*,8,*,*,8,08X405,High school,Herbert H. Lehman High School
411,*,*,*,*,*,*,*,*,*,*,*,*,*,*,*,*,*,*,*,*,*,*,*,*,*,*,*,*,*,*,*,*,*,*,*,*,*,*,*,*,*,*,*,*,*,*,*,*,*,*,*,*,8,08X408,High school,Herbert H. Lehman Yabc
412,*,*,*,*,*,*,*,*,*,*,*,*,*,*,*,*,*,*,*,*,*,*,*,6,*,8,15,6,*,*,*,*,*,*,*,*,*,*,*,*,*,*,*,*,*,*,*,*,*,*,*,*,8,08X424,Junior High-Intermediate-Middle,The Hunts Point School
413,*,*,*,*,*,*,*,*,*,*,*,*,*,*,*,*,*,*,*,*,*,*,*,*,*,*,*,*,*,*,*,*,*,14,*,*,*,*,*,*,*,8,*,*,*,6,*,*,*,*,*,*,8,08X432,High school,Bronx Bridges High School
414,*,*,*,*,*,*,*,*,*,*,*,*,*,*,*,*,*,*,*,*,*,*,*,*,*,*,*,*,*,*,*,*,*,*,*,*,*,*,*,*,*,*,*,*,*,*,*,*,*,*,*,*,8,08X444,Central-HQ-Citywide,Home Schooling
415,*,*,*,*,*,*,*,*,*,*,*,*,*,*,*,*,*,*,*,*,*,*,14,*,*,13,35,*,*,7,16,*,*,*,*,*,*,*,*,*,*,*,*,*,*,*,*,*,*,*,*,*,8,08X448,Junior High-Intermediate-Middle,Soundview Academy for Culture and Scholarship
416,*,*,*,*,*,*,*,*,*,*,*,*,*,*,*,*,*,*,*,*,*,*,*,*,*,*,*,*,*,*,*,*,*,*,*,*,*,*,*,*,*,*,*,*,*,*,*,*,*,*,*,*,8,08X452,High school,Bronx Guild
417,*,*,*,*,*,*,*,*,*,*,*,*,*,*,*,*,*,*,*,*,*,*,*,*,*,*,*,*,*,*,*,*,*,*,*,*,*,*,*,*,*,*,*,*,*,*,*,*,*,*,*,*,8,08X467,Junior High-Intermediate-Middle,Mott Hall Community School
418,*,*,*,*,*,*,*,*,*,*,*,*,*,*,*,*,*,*,*,*,*,*,*,*,*,*,*,*,*,*,*,*,*,*,*,*,*,*,*,*,*,*,*,*,*,*,*,*,*,*,*,*,8,08X507,High school,Stevenson Yabc
419,*,*,*,*,*,*,*,*,*,*,*,*,*,*,*,*,*,*,*,*,*,*,*,*,*,*,*,*,*,*,*,*,*,24,*,14,*,*,*,*,*,22,*,12,*,*,*,*,*,6,*,*,8,08X519,High school,Felisa Rincon de Gautier Institute for Law and Pub
420,*,*,*,*,*,*,*,*,*,*,*,*,*,*,*,*,*,*,*,*,*,*,*,*,*,*,*,*,*,*,*,*,*,*,*,*,*,*,*,*,*,*,*,*,*,*,*,*,*,6,*,*,8,08X530,High school,Banana Kelly High School
421,*,*,*,*,*,*,*,*,*,*,*,*,*,*,*,*,*,*,*,*,*,*,*,*,*,*,*,*,*,*,*,*,*,*,*,*,*,*,*,*,*,7,*,*,*,*,*,*,*,*,*,*,8,08X537,High school,Bronx Arena High School
422,*,*,*,*,*,*,*,*,*,*,*,*,*,*,*,*,*,*,*,*,*,*,*,*,*,*,*,*,*,*,*,*,*,26,42,*,*,*,*,*,*,13,17,*,*,12,10,*,*,9,*,*,8,08X558,High school,Westchester Square Academy
423,*,*,*,*,*,*,*,*,*,*,*,*,*,*,*,*,*,*,*,*,*,*,*,*,*,*,*,*,*,*,*,*,*,41,10,*,*,*,*,*,*,16,*,*,*,*,*,*,*,*,*,*,8,08X559,High school,School for Tourism and Hospitality
424,*,*,*,*,*,*,*,*,*,*,*,*,*,*,*,*,*,*,*,*,*,*,*,*,*,*,*,*,*,*,*,*,*,*,*,*,*,*,*,*,*,*,*,*,*,*,*,*,*,*,*,*,8,08X561,High school,Bronx Compass High School
425,*,*,*,*,*,*,*,*,*,*,*,*,*,*,*,*,*,*,*,*,*,*,*,*,*,*,*,*,*,*,*,*,*,*,*,*,*,*,*,*,*,*,*,*,*,*,*,*,*,*,*,*,8,08X562,Junior High-Intermediate-Middle,Blueprint Middle School
426,*,*,*,*,*,*,*,*,*,*,*,*,*,*,*,*,*,*,*,*,*,*,*,*,*,*,*,*,*,*,*,*,*,*,*,*,*,*,*,*,*,*,*,*,*,*,*,*,*,*,*,*,9,09X004,K-8,P.S./M.S. 004 Crotona Park West
427,*,*,*,*,*,*,*,*,*,*,*,*,*,*,*,*,*,*,*,*,*,*,*,*,*,*,*,*,*,*,*,*,*,*,*,*,*,*,*,*,*,*,*,*,*,*,*,*,*,*,*,*,9,09X011,Elementary,P.S. 011 Highbridge
428,*,*,*,*,*,*,*,*,*,*,*,*,*,*,*,*,*,*,*,*,*,*,*,6,*,*,*,6,*,*,*,12,*,*,*,*,*,*,*,*,*,*,*,*,*,*,*,*,*,*,*,*,9,09X022,Junior High-Intermediate-Middle,J.H.S. 022 Jordan L. Mott
429,*,*,*,*,*,*,*,*,*,*,*,*,*,*,*,*,*,*,*,*,*,*,*,*,*,*,*,*,*,*,*,*,*,*,*,*,*,*,*,*,*,*,*,*,*,*,*,*,*,*,*,*,9,09X028,Elementary,P.S. 028 Mount Hope
430,*,*,*,*,*,*,*,*,*,*,*,*,*,*,*,*,*,*,*,*,*,*,*,*,*,*,*,*,*,*,*,*,*,*,*,*,*,*,*,*,*,*,*,*,*,*,*,*,*,*,*,*,9,09X035,Elementary,P.S. 035 Franz Siegel
431,*,*,*,*,*,*,*,*,*,*,*,*,*,*,*,*,*,8,9,*,*,*,*,*,*,*,*,*,*,*,*,*,*,*,*,*,*,*,*,*,*,*,*,*,*,*,*,*,*,*,*,*,9,09X042,Elementary,P.S. 042 Claremont
432,*,*,*,*,*,*,*,*,*,*,*,*,*,*,*,*,*,*,*,*,*,*,*,*,*,*,*,*,*,*,*,*,*,*,*,*,*,*,*,*,*,*,*,*,*,*,*,*,*,*,*,*,9,09X053,Elementary,P.S. 053 Basheer Quisim
433,*,*,*,*,*,*,*,*,*,*,*,*,*,*,*,*,*,*,*,*,*,*,*,*,*,*,*,*,*,*,*,*,*,*,*,*,*,*,*,*,*,*,*,*,*,*,*,*,*,*,*,*,9,09X055,Elementary,P.S. 055 Benjamin Franklin
434,*,*,*,*,*,*,*,*,*,*,*,*,*,*,*,*,*,*,*,*,*,*,*,*,*,*,*,*,*,*,*,*,*,*,*,*,*,*,*,*,*,*,*,*,*,*,*,*,*,*,*,*,9,09X058,Elementary,P.S. 058
435,*,*,*,*,*,*,*,*,*,*,*,*,*,*,*,*,*,*,*,*,*,*,*,*,*,*,*,*,*,*,*,*,*,*,*,*,*,*,*,*,*,*,*,*,*,*,*,*,*,*,*,*,9,09X063,Elementary,P.S. 063 Author's Academy
436,*,*,*,*,*,*,*,*,*,*,*,*,*,*,*,*,*,*,*,*,*,*,*,*,*,*,*,*,*,*,*,*,*,*,*,*,*,*,*,*,*,*,*,*,*,*,*,*,*,*,*,*,9,09X064,Elementary,P.S. 064 Pura Belpre
437,*,*,*,*,*,*,*,*,*,*,*,*,*,6,14,*,*,*,36,*,*,*,*,*,*,*,*,*,*,*,*,*,*,*,*,*,*,*,*,*,*,*,*,*,*,*,*,*,*,*,*,*,9,09X070,Elementary,P.S. 070 Max Schoenfeld
